NAME,crop0809,crop0910,crop1011,crop1112,crop1213,crop1314,crop1415,crop1516,crop1617,pov0809,pov0910,pov1011,pov1112,pov1213,pov1314,pov1415,sc0809,sc0910,sc1011,sc1112,sc1213,sc1314,sc1415,sc1516,sc1617
Grimes County,0.00333835,-0.01440768,-0.00565843,0.00103779,0.00707466,-0.00000824,-0.03468489,-0.00941554,-0.00480010,0.80000000,-0.30000000,-0.60000000,4.10000000,-0.30000000,1.00000000,0.50000000,-0.00003685,-0.00006546,0.00006459,0.00002167,-0.00008973,-0.00000260,0.00003165,-20.29997616,0.00003598
Hale County,0.00049490,0.02470505,-0.02166996,0.00516719,-0.00821196,-0.00018502,-0.00156596,0.00185266,0.00353863,1.00000000,1.00000000,1.00000000,1.30000000,1.90000000,-1.20000000,-2.30000000,-0.00018191,0.00012381,-0.00008335,-0.00002767,-0.00000311,0.00012969,0.00012692,-20.69999066,0.00008923
Hall County,-0.03032849,0.05548360,-0.07271951,0.01959622,-0.01189072,0.01208558,-0.06479570,0.00807179,-0.00250944,-0.40000000,-1.80000000,2.60000000,-4.70000000,0.30000000,2.80000000,1.80000000,-0.00002844,-0.00000653,0.00001345,-0.00000961,-0.00000538,0.00000192,0.00009455,-28.69999616,0.00004689
Hardin County,-0.00305581,0.04326031,-0.04359094,-0.00521304,0.00291334,0.01168589,-0.03259613,-0.00398963,0.00045568,-0.20000000,-0.50000000,0.60000000,-1.20000000,1.20000000,0.10000000,-0.40000000,0.00003601,-0.00002013,0.00008517,-0.00010260,-0.00001471,0.00002865,-0.00002323,-11.79999148,-0.00000852
Harris County,0.00237939,0.03084918,-0.04662987,0.00878445,-0.00149633,-0.00121091,-0.01287991,-0.00322863,-0.00044593,0.10000000,0.50000000,0.60000000,0.60000000,-0.10000000,-0.40000000,-0.60000000,0.00002874,-0.00003167,-0.00003363,0.00007507,-0.00005963,0.00003851,0.00007839,-17.39998612,0.00000723
Harrison County,0.02026924,-0.02259458,-0.01187596,0.00610665,0.00663904,0.01577454,-0.04726062,-0.00243500,0.01050535,-1.70000000,-0.70000000,1.50000000,0.00000000,0.30000000,0.90000000,0.50000000,0.00002694,-0.00002694,0.00000266,-0.00000266,0.00000228,-0.00000228,0.00000000,-17.70000000,0.00007362
Hemphill County,0.03208490,0.01428777,-0.01847600,0.02205584,-0.03271691,0.01239594,-0.14475424,0.05846307,-0.00114935,2.60000000,-0.30000000,2.70000000,-7.50000000,1.40000000,-0.80000000,-0.50000000,-0.00002705,-0.00000152,-0.00000038,-0.00000267,0.00000000,0.00001029,-0.00000800,-11.79999352,-0.00000267
Henderson County,0.00283210,0.00213626,-0.01261783,0.00580746,0.00070500,0.00244112,-0.06948106,0.01478596,-0.01334408,-0.60000000,-0.80000000,2.00000000,0.90000000,0.90000000,-1.00000000,0.00000000,-0.00000403,-0.00002968,0.00005350,-0.00004397,0.00000256,-0.00000879,0.00014767,-18.79999597,0.00001246
Hopkins County,-0.00459540,0.00104453,0.00276802,-0.00522572,0.00398394,0.00044490,-0.06097456,0.00664238,-0.00033839,-0.10000000,2.40000000,-0.20000000,1.30000000,1.30000000,-0.70000000,-0.40000000,-0.00006224,-0.00002455,0.00001753,-0.00001929,0.00000920,0.00001929,-0.00002586,-19.50000000,0.00000438
Houston County,0.01171453,-0.01951963,-0.01348294,0.00598190,-0.00602292,0.01982762,-0.04591674,-0.00222027,0.00511160,-4.00000000,-3.00000000,-1.20000000,0.20000000,2.80000000,2.50000000,-0.60000000,-0.00029928,0.00008880,0.00027005,-0.00029253,-0.00006997,0.00032991,-0.00025516,-24.39968499,-0.00013011
Hutchinson County,0.04070377,0.01131875,-0.03051181,0.00269505,-0.03451614,0.02296714,-0.14851356,0.01921597,0.04115883,-0.20000000,-0.30000000,-1.10000000,2.00000000,0.50000000,-0.20000000,0.40000000,0.00000505,0.00000893,-0.00001592,-0.00000311,0.00000000,0.00003456,-0.00003378,-16.49999651,-0.00000233
Jasper County,0.00166992,0.04510275,-0.04263802,0.00466644,-0.00145813,0.01623222,-0.03660267,0.00289440,-0.00437152,0.00000000,-1.10000000,-0.10000000,0.40000000,0.10000000,-0.90000000,-0.70000000,0.00007167,-0.00003870,-0.00003691,0.00000215,0.00000036,-0.00000143,-0.00000108,-16.29999928,-0.00000072
Jeff Davis County,-0.00871739,0.00219653,-0.00102239,0.00635085,0.00496756,0.00171610,-0.06506083,0.00803964,0.00048166,1.30000000,-5.00000000,-1.10000000,-1.20000000,-0.10000000,-1.60000000,2.30000000,0.00002348,-0.00002378,0.00000184,-0.00000031,0.00000123,-0.00000077,0.00000031,-7.99999509,0.00000384
Kenedy County,0.00276540,-0.00747150,0.00829371,-0.00210803,0.00388817,-0.01669278,-0.08435987,0.00456608,0.00593227,-37.50000000,4.20000000,9.30000000,4.40000000,-6.70000000,0.60000000,-3.90000000,0.00002786,-0.00014394,-0.00000929,0.00016001,-0.00014591,0.00006072,0.00002214,-22.79992071,-0.00001714
Kent County,0.00339403,0.00962136,-0.02866626,0.00381429,-0.00037523,0.10238165,-0.09779995,-0.00079126,-0.00733378,-3.40000000,1.60000000,-0.70000000,2.30000000,1.80000000,-0.80000000,2.10000000,-0.00022783,0.00000154,-0.00000115,0.00000038,0.00000308,-0.00000231,0.00001462,-11.69999500,-0.00000462
King County,-0.00034318,-0.01374457,0.00291282,-0.00575943,-0.01006322,0.05611815,-0.02358560,-0.00848392,0.00550414,0.00000000,5.50000000,-1.10000000,1.50000000,1.30000000,-0.10000000,-3.80000000,0.00000000,0.00000152,-0.00000114,0.00002625,-0.00002625,0.00000038,0.00000685,-3.29999658,0.00000761
Kleberg County,0.05352886,-0.03668601,0.01301096,0.00315043,-0.00113089,-0.05687563,-0.06782626,-0.00313130,0.01049069,-1.30000000,0.00000000,0.40000000,-0.70000000,1.00000000,0.60000000,-2.30000000,0.00064449,-0.00172247,-0.00010391,0.00027157,-0.00018742,-0.00006024,0.00310612,-23.79951233,-0.00025754
Lamar County,-0.00561512,0.00086249,-0.00106284,-0.00013295,0.00305446,0.00140769,-0.02718517,0.00095410,-0.00813853,0.10000000,0.30000000,1.80000000,0.30000000,-0.20000000,-0.30000000,1.30000000,0.00006331,-0.00004618,-0.00000670,0.00000521,0.00067592,-0.00066512,0.00000596,-19.89999926,0.00000894
Lee County,-0.00371659,-0.03724647,0.01342620,-0.03200093,0.01687427,0.00299432,-0.09080056,-0.01166216,0.01936387,0.40000000,1.70000000,0.50000000,-0.60000000,2.50000000,-0.20000000,0.10000000,0.00000877,0.00001754,0.00143469,-0.00143414,0.00005042,0.00022194,-0.00016934,-14.79979450,-0.00006192
Leon County,0.01224883,-0.02995433,-0.00588822,0.00101422,-0.00749767,0.00848424,-0.07441104,0.02157429,-0.00927787,-2.60000000,0.80000000,-0.40000000,0.60000000,-4.20000000,0.40000000,2.10000000,0.00004824,-0.00004566,0.00004888,-0.00006045,-0.00001769,0.00009197,-0.00007396,-15.99996527,0.00000257
Lipscomb County,0.01453638,-0.01923498,-0.00235713,-0.00347979,0.01246625,-0.00957351,-0.04814710,-0.00075738,0.01372868,-1.30000000,0.50000000,-2.30000000,-1.50000000,-0.40000000,-1.30000000,1.20000000,0.00003541,-0.00004286,-0.00000186,-0.00000373,0.00000000,0.00000186,-0.00000112,-10.39993701,-0.00003653
Loving County,-0.00285817,0.00178392,-0.00319760,0.00124628,-0.00131406,-0.00021413,0.00023416,-0.00008010,-0.00029989,0.00000000,16.10000000,-5.50000000,1.40000000,6.80000000,10.10000000,-12.50000000,-0.00002619,-0.00000411,0.00000976,-0.00000976,0.00000000,0.00000000,0.00000154,-16.40000000,0.00000000
McMullen County,-0.02534338,-0.03752919,0.02068487,-0.00132354,0.00617040,0.01234441,-0.06076560,-0.00380269,-0.01693204,5.60000000,6.10000000,3.00000000,1.00000000,-2.50000000,-4.90000000,-3.00000000,0.00000210,0.00001983,0.00002163,-0.00004266,0.00001352,0.00003274,-0.00004656,-8.79999730,0.00000150
Madison County,0.00434408,-0.01108159,0.00406605,-0.00572247,-0.00226178,0.00749438,-0.04257947,0.01214297,-0.01711079,-0.60000000,2.30000000,-0.30000000,2.80000000,-1.60000000,-3.40000000,-3.70000000,-0.00133426,0.00013755,-0.00002795,0.00040381,-0.00051340,0.00058107,-0.00052591,-16.49847303,-0.00115553
Matagorda County,0.00766094,-0.02778583,0.01364078,-0.00910240,0.00517668,0.00950215,-0.01950878,-0.00424703,0.00214937,-0.30000000,-0.40000000,-2.00000000,1.90000000,0.40000000,0.20000000,0.00000000,0.00007348,-0.00011314,0.00000711,0.00068356,-0.00066761,-0.00000754,0.00015839,-21.69982480,-0.00009310
Menard County,-0.00065357,-0.00694201,0.00215597,0.00082380,-0.00461466,0.00247679,-0.00072405,-0.00297746,-0.00208395,-1.80000000,0.70000000,1.20000000,3.00000000,-7.20000000,-1.40000000,-1.50000000,-0.00121317,0.00002311,0.00047679,0.00019449,-0.00049258,0.00084151,-0.00053264,-13.39920316,-0.00043250
Mills County,0.03746613,-0.00180335,-0.01361014,0.01133823,-0.02598237,0.00962387,-0.12389929,-0.00362338,-0.00784324,-0.10000000,1.10000000,-0.40000000,-3.30000000,-0.90000000,2.40000000,-0.10000000,0.00146131,0.00339535,-0.00483488,-0.00070354,0.00143860,0.00076379,-0.00029569,-14.49670429,0.00025769
Montgomery County,-0.01257566,0.00792965,-0.02995866,0.00608712,-0.00725136,0.01467375,-0.04333683,-0.00370184,0.00646434,-0.10000000,0.60000000,0.80000000,0.10000000,-0.10000000,-0.30000000,-1.00000000,0.00003969,-0.00004679,0.00000290,0.00001194,-0.00001484,0.00000355,0.00001420,-10.99998387,0.00000097
Moore County,-0.00227874,0.02853334,-0.03308815,0.01646996,-0.01448194,0.01193579,-0.05209663,0.01397385,0.01220511,0.70000000,1.70000000,-0.10000000,0.40000000,3.40000000,1.30000000,-2.30000000,0.00001490,0.00005807,-0.00006724,-0.00002560,0.00006380,0.00009474,0.00030867,-17.79993276,0.00008481
Morris County,-0.02205972,-0.00246750,0.01413740,-0.01228107,-0.00122367,0.01221660,-0.06754790,0.00258033,0.00924002,-3.10000000,0.70000000,2.30000000,0.90000000,-3.00000000,1.10000000,-0.10000000,0.00001075,-0.00001343,0.00000000,0.00000000,0.00000000,0.00000403,-0.00000403,-18.60000000,0.00003627
Nacogdoches County,0.01527998,-0.00307406,-0.01689740,0.00292496,-0.00216353,0.01586398,-0.04528888,0.00174881,-0.00265687,2.00000000,-0.50000000,0.70000000,0.90000000,-1.40000000,0.30000000,-0.20000000,0.00005064,-0.00005064,0.00000000,0.00001204,0.00002621,-0.00003825,0.00000071,-24.40000000,0.00000531
Navarro County,0.00442838,-0.00431927,-0.00193884,-0.00054271,0.00503189,-0.00164540,-0.01857847,0.00437302,0.00586163,-0.20000000,0.20000000,0.00000000,1.10000000,0.70000000,-1.10000000,-0.80000000,-0.00007392,-0.00012096,0.00077726,-0.00035423,-0.00027551,0.00011904,-0.00012288,-19.89979392,0.00000032
Nueces County,-0.00151357,0.00468352,-0.01298923,0.00920396,-0.00394328,-0.00222996,-0.01345580,0.00071818,-0.00094535,-0.60000000,-0.30000000,-0.40000000,0.00000000,-0.70000000,0.30000000,-1.00000000,0.00702200,-0.00622482,-0.00097248,0.00013475,-0.00031691,0.00023224,0.00132009,-16.99934055,-0.00062517
Hill County,0.00766251,0.00698248,-0.00340928,-0.00696803,0.00409635,0.00202667,-0.01221080,0.00001660,0.00359400,-1.30000000,1.30000000,0.60000000,0.10000000,2.50000000,1.30000000,-1.70000000,0.00081398,-0.00081892,0.00078085,-0.00062609,0.00019001,-0.00023619,-0.00008496,-19.09993690,0.00001798
Hockley County,-0.01098280,0.06470009,-0.04903632,0.01062596,-0.01215735,0.01148153,-0.02039865,0.01948304,-0.00088961,0.50000000,-1.00000000,0.60000000,-0.90000000,-0.60000000,-0.50000000,1.10000000,-0.00020424,-0.00006005,-0.00000497,0.00003442,0.00014878,-0.00018282,0.00031897,-15.69997285,0.00036869
Hood County,-0.01104376,0.02679523,-0.01402605,-0.00970496,0.00620560,0.01025464,-0.02984751,-0.00288205,-0.01816657,-1.20000000,0.40000000,-0.50000000,1.30000000,-0.40000000,0.00000000,0.40000000,-0.00002148,0.00003500,-0.00001909,0.00007955,-0.00005012,0.00003659,-0.00006603,-12.09995307,0.00001591
Howard County,-0.00176858,0.01569816,-0.03945368,0.02958392,-0.01027866,0.02956663,-0.10425699,0.00567698,-0.00894012,-3.00000000,2.00000000,-4.00000000,-0.40000000,0.40000000,-0.10000000,-0.70000000,-0.00116676,-0.00011183,-0.00000500,0.00006034,-0.00006034,0.00003766,-0.00004381,-14.89996119,-0.00001998
Hudspeth County,0.00203950,-0.01064489,0.00285035,0.00115569,-0.00343203,0.00406046,-0.00401143,-0.00118450,-0.00230119,7.50000000,-1.30000000,-2.00000000,1.40000000,-0.90000000,-2.90000000,-2.40000000,0.00103370,-0.00111373,0.00032181,-0.00131455,0.00037092,0.00006065,-0.00027104,-37.89894358,-0.00043005
Hunt County,0.00010952,0.00286299,-0.00265734,-0.00340037,0.00504559,-0.00417531,-0.02333217,0.00258406,0.00895734,1.10000000,-0.90000000,1.10000000,0.50000000,-0.30000000,-0.70000000,0.00000000,0.00005437,-0.00006461,0.00007249,0.00002324,-0.00005200,-0.00003585,0.00004609,-18.89841426,-0.00156407
Irion County,0.00495086,-0.00450510,0.00123945,0.00072166,-0.00212699,0.00197400,0.00017480,-0.00112281,0.00008230,-2.10000000,1.90000000,3.50000000,1.80000000,0.90000000,2.00000000,0.10000000,0.00001388,-0.00001322,0.00007137,0.00007963,-0.00014903,0.00014671,-0.00013184,-11.69998943,-0.00001057
Jack County,-0.00466595,0.04942433,-0.04801680,-0.00035311,0.00402167,-0.00371879,-0.09088198,-0.00106386,0.00531552,0.50000000,-1.20000000,2.30000000,-2.20000000,1.50000000,-1.00000000,0.00000000,0.00022811,-0.00015899,0.00003286,-0.00008913,-0.00001964,0.00008120,-0.00007742,-17.19999131,-0.00000076
Parker County,-0.00222066,0.01173065,-0.01081504,0.00317674,-0.00611561,0.00719157,-0.05051130,0.00293123,0.00226343,0.60000000,0.40000000,0.20000000,-0.20000000,0.20000000,-1.20000000,-0.50000000,-0.00009355,-0.00002062,-0.00001565,-0.00001489,-0.00000496,-0.00003704,-0.00001947,-9.39993433,-0.00003780
Pecos County,0.00359713,-0.00900026,0.00009390,0.00369361,-0.00015359,0.01349828,-0.00137230,-0.00191109,-0.00248716,2.90000000,-2.90000000,0.60000000,-0.90000000,-1.60000000,-3.10000000,-2.30000000,-0.00012566,-0.00053719,0.00024883,0.00009430,-0.00010181,0.00005586,0.00029857,-9.69914688,-0.00046879
Polk County,0.00026994,0.04426463,-0.04181860,-0.00537055,0.01115635,-0.00898871,-0.03341643,0.00107161,-0.00100929,-0.80000000,-1.90000000,0.00000000,0.30000000,-2.20000000,-0.60000000,0.80000000,0.00003695,-0.00003695,0.00000219,0.00000313,-0.00000094,-0.00000219,-0.00000219,-18.19999499,-0.00000438
Rains County,0.00837758,-0.00177487,0.00205278,-0.00601467,-0.00012754,0.00835207,-0.05829669,0.00934557,-0.00075318,-3.40000000,0.30000000,-1.60000000,3.40000000,-2.40000000,-0.20000000,-0.30000000,-0.00074378,0.00001343,-0.00000134,-0.00002685,0.00002014,-0.00003356,0.00000000,-10.70000000,0.00000940
Reagan County,0.01643239,-0.00918879,0.00975199,0.00165001,-0.00353729,0.00464182,0.00434929,-0.00120116,-0.00181164,2.20000000,0.30000000,-1.60000000,0.30000000,8.20000000,-2.20000000,2.00000000,0.00035311,-0.00037763,0.00001212,0.00004580,-0.00004225,-0.00000030,0.00000177,-17.49995804,-0.00002187
Red River County,-0.00298287,-0.01726583,0.00684438,0.00045445,0.00169449,0.00549780,-0.05001092,-0.01173219,0.01178710,0.30000000,-0.70000000,0.00000000,-0.70000000,1.50000000,1.20000000,-2.30000000,0.00010753,-0.00010819,-0.00000658,0.00000066,0.00012660,-0.00011148,0.00004801,-16.49999408,0.00008944
Refugio County,0.01650309,-0.05465130,-0.02155254,-0.02675403,0.03185572,0.01096823,-0.08182279,-0.01597903,0.00709811,1.50000000,0.80000000,-1.30000000,0.70000000,1.00000000,-0.30000000,-1.10000000,0.00064254,-0.00061791,-0.00008366,-0.00000467,0.00108718,-0.00108973,0.00059201,-15.79999363,0.00002803
San Augustine County,0.00139514,0.01550843,-0.02407404,0.00818250,-0.00223938,0.01074103,-0.02892240,0.00054679,0.00429454,0.60000000,0.10000000,-1.40000000,0.60000000,-2.70000000,1.10000000,1.80000000,0.00000997,-0.00000939,-0.00000059,0.00000528,-0.00000469,-0.00000059,0.00000000,-26.60000000,0.00000000
San Jacinto County,-0.00365417,0.01042016,-0.01729185,-0.00471007,-0.00178419,0.01673291,-0.04070442,0.00330386,0.00205260,-2.80000000,-0.10000000,-0.10000000,2.50000000,0.10000000,0.00000000,-3.00000000,0.00004593,-0.00004593,0.00000111,0.00000664,0.00000277,-0.00001051,0.00000055,-17.19998450,-0.00001051
San Patricio County,0.00193786,-0.01282630,-0.02736271,0.01414324,0.00196731,-0.01146175,-0.01416386,-0.00201198,0.00930399,1.80000000,0.70000000,-0.70000000,0.40000000,-0.70000000,-1.00000000,-1.00000000,0.00169882,-0.00186031,0.00005203,-0.00032936,0.00076621,-0.00075689,0.00050852,-14.29943945,-0.00048103
San Saba County,0.01254027,0.01285376,-0.03862964,0.01832492,-0.01257965,0.01448436,-0.07706454,-0.00653463,-0.00069382,-1.20000000,-1.40000000,-2.90000000,-3.90000000,-0.40000000,0.40000000,2.80000000,-0.00106957,0.00201643,-0.00145082,-0.00144746,0.00065810,0.00144044,0.00047099,-17.99606604,0.00018772
Shelby County,-0.01248756,0.01687005,-0.01796671,0.00501576,-0.00619278,0.00649255,-0.04462387,-0.00380168,0.01669476,0.20000000,-0.90000000,0.50000000,-2.90000000,1.00000000,-1.30000000,1.00000000,0.00002082,-0.00001998,-0.00000083,0.00000125,0.00000874,-0.00000999,0.00000042,-22.80000000,0.00000042
Smith County,0.01855602,-0.01089871,-0.01784034,0.00324433,-0.00256707,0.00829688,-0.07172214,0.00632548,0.00172333,-0.10000000,0.10000000,0.40000000,0.80000000,0.20000000,0.50000000,-0.40000000,-0.00018258,-0.00002012,0.00005891,-0.00003622,-0.00001500,-0.00000659,-0.00000293,-16.99999890,0.00001793
Somervell County,-0.00526068,0.01716510,-0.01300869,-0.00746199,0.00880341,0.00937908,-0.02366945,-0.00163107,-0.02324403,-5.10000000,-1.80000000,1.30000000,-1.00000000,2.50000000,2.10000000,3.70000000,0.00003259,-0.00002353,0.00003983,-0.00005250,-0.00000724,0.00002172,-0.00001629,-17.59998552,-0.00000724
Sutton County,0.00228218,-0.00187960,-0.00071724,0.00005040,-0.00036459,0.00054641,0.00030367,-0.00005330,0.00005040,-1.00000000,0.00000000,-6.20000000,1.80000000,-1.00000000,2.10000000,0.80000000,-0.00001003,-0.00000311,0.00000836,-0.00000597,-0.00000287,0.00000191,0.00002963,-9.19999474,0.00000239
Terrell County,0.00036531,-0.00031698,0.00006090,-0.00007500,-0.00007240,0.00129532,-0.00022532,-0.00016107,-0.00018789,2.30000000,-2.50000000,2.20000000,-6.20000000,6.80000000,3.40000000,4.70000000,0.00006838,-0.00007442,0.00000015,-0.00000044,0.00000383,-0.00000177,0.00000206,-24.89999956,-0.00000044
Throckmorton County,-0.03644888,0.03386854,-0.00049193,0.00526885,0.00481678,0.01698513,-0.10686270,0.04389572,0.00216319,-2.10000000,0.10000000,-3.20000000,3.60000000,-3.80000000,3.20000000,0.20000000,-0.00000683,-0.00000380,0.00000114,0.00004517,-0.00004859,0.00003150,-0.00002771,-13.29996204,-0.00000493
Travis County,-0.02364319,-0.00464610,-0.04159237,0.00492905,-0.00045415,0.00342632,-0.06151066,0.00284683,0.00346164,1.00000000,0.40000000,0.80000000,0.00000000,0.10000000,-1.10000000,-1.20000000,-0.00002548,-0.00008933,0.00030469,-0.00012093,-0.00000340,-0.00012194,0.00005061,-15.19910767,0.00012670
Trinity County,0.00268029,0.02853407,-0.04279793,0.00046870,0.00454145,0.00811922,-0.03136523,-0.00223787,-0.00003310,-3.60000000,0.00000000,0.20000000,-0.70000000,-0.10000000,0.70000000,-1.20000000,-0.00000049,-0.00000389,0.00001265,-0.00001363,0.00000097,-0.00000146,0.00000000,-15.49995960,-0.00003748
Tyler County,-0.00169099,0.04798510,-0.04294221,-0.00138681,0.00721151,-0.00369990,-0.03295410,-0.00235654,0.00016193,-1.50000000,0.90000000,0.40000000,-2.20000000,-1.60000000,0.90000000,-1.00000000,0.00011885,-0.00009916,0.00007725,-0.00009545,-0.00000149,0.00000557,-0.00000557,-15.69999740,-0.00000260
Van Zandt County,0.01259301,-0.00075351,-0.00594845,0.00147872,0.00189752,-0.00031369,-0.05331735,0.00110359,-0.00665103,-0.20000000,1.40000000,1.20000000,-0.70000000,0.70000000,-0.20000000,-1.10000000,-0.00054896,0.00021829,0.00059586,-0.00076200,0.00014634,-0.00024295,0.00008125,-15.80000000,0.00006347
Victoria County,0.01048689,-0.01000602,-0.00863926,-0.01402736,0.02455569,-0.00897743,-0.06192991,-0.00582479,0.00639128,1.20000000,0.70000000,-0.30000000,0.10000000,0.70000000,-1.20000000,-1.70000000,-0.00009266,-0.00003167,-0.00001486,0.00002971,0.00006060,-0.00004770,0.00005825,-14.69993823,0.00000782
Waller County,-0.00946208,-0.00052679,-0.00242592,-0.00159715,-0.00172599,0.01029219,-0.02591535,-0.01289594,0.00918358,1.30000000,-2.80000000,-0.10000000,2.20000000,-1.10000000,-1.10000000,0.80000000,0.00036036,-0.00048988,-0.00002953,0.00034090,-0.00013421,-0.00006576,0.00000403,-18.99930477,-0.00026709
Ward County,-0.01869824,0.00052549,-0.00043902,0.00956239,-0.00670918,-0.00004950,-0.01324666,0.00212941,-0.00344772,3.00000000,-3.10000000,8.50000000,-2.30000000,-0.40000000,-3.50000000,0.10000000,-0.00010518,-0.00003035,0.00000582,-0.00000540,0.00000915,-0.00000416,0.00001039,-16.59999127,-0.00000291
Wharton County,0.00926385,0.01513429,0.01621992,-0.01001544,0.00696432,0.00657027,-0.01293161,0.00472067,-0.00627624,0.50000000,0.30000000,1.00000000,0.30000000,-0.60000000,-0.60000000,0.10000000,0.00116342,-0.00161050,0.00023148,-0.00012542,0.00074682,-0.00037119,0.00668109,-17.69696222,-0.00273994
Williamson County,0.00451595,0.01257654,-0.01310340,0.00076425,-0.00064938,0.00623314,-0.08024813,-0.00144212,0.02530011,0.30000000,-0.20000000,0.50000000,0.20000000,0.60000000,-0.10000000,-0.30000000,0.00001041,-0.00019083,0.00008393,0.00004472,-0.00011027,0.00007688,-0.00006096,-7.19985695,0.00074985
Winkler County,-0.01050365,-0.00665271,0.01176224,0.00630781,0.01836621,-0.00954329,-0.08286069,0.02060540,0.01319886,-4.10000000,-0.70000000,-0.20000000,-2.60000000,-0.90000000,2.00000000,3.40000000,-0.00008137,-0.00005659,0.00003428,-0.00003594,0.00000000,0.00001074,0.00021314,-17.29996696,-0.00002974
Wood County,0.01879413,-0.01647308,-0.00991502,-0.01095142,0.00291592,0.01046594,-0.05944215,0.00292890,-0.00155885,-0.40000000,0.80000000,1.00000000,-1.20000000,0.00000000,0.10000000,-1.40000000,-0.00014235,0.00001049,0.00000350,-0.00002048,0.00000050,0.00002497,0.00002847,-13.29999950,0.00006543
Zavala County,0.00806816,-0.00018713,0.00028697,0.00283549,-0.00698089,0.00422895,-0.03489162,-0.00081392,-0.00330238,4.70000000,-4.00000000,-2.60000000,-1.40000000,-2.70000000,1.10000000,2.40000000,-0.00035797,-0.00089827,0.00055925,0.00066496,0.00345294,-0.00106698,-0.00289903,-35.79875203,-0.00020181
Carson County,0.00107357,0.01832321,-0.01829463,0.00597926,-0.01867931,0.01878121,-0.08327719,0.02793003,0.01794755,-3.30000000,0.80000000,0.70000000,0.00000000,-0.60000000,0.70000000,-1.40000000,0.00000188,0.00000978,-0.00000714,-0.00000940,-0.00000038,0.00003459,-0.00003497,-5.89999812,-0.00000113
Castro County,0.00068587,0.01813093,-0.01947987,0.00599315,-0.00303367,-0.00238876,0.00080063,0.00069360,0.00018238,1.50000000,1.30000000,-0.30000000,-0.20000000,-4.60000000,-2.40000000,-0.90000000,0.00038177,-0.00040920,0.00013215,-0.00022798,0.00000386,0.00057381,-0.00016654,-16.19988060,-0.00000696
Childress County,0.00102585,0.00676224,-0.03552159,0.01893709,-0.02015672,0.00448755,0.00590728,-0.00525827,-0.00232825,-12.10000000,-3.70000000,2.30000000,1.10000000,3.80000000,0.50000000,2.60000000,-0.00011150,-0.00000390,0.00016310,-0.00015824,-0.00000584,-0.00000049,0.00002434,-22.79997030,-0.00002580
Clay County,0.00504052,0.02730327,-0.03575694,0.00264239,0.00632158,-0.01507147,-0.05690666,0.00733099,0.00151256,3.00000000,-1.30000000,-2.10000000,2.00000000,3.40000000,-1.60000000,3.30000000,0.00045430,-0.00036842,0.00014874,0.00040825,0.00036593,-0.00018359,-0.00023555,-15.39947538,0.00175216
Coke County,-0.01624391,-0.02551620,0.00849679,0.01002045,0.01566650,-0.00689823,-0.03831361,-0.01361373,-0.00064594,-3.80000000,-1.50000000,-0.20000000,-2.40000000,0.90000000,-0.30000000,5.60000000,0.00015278,-0.00006628,-0.00008912,0.00004943,-0.00004156,0.00007938,-0.00008987,-17.19999214,-0.00000786
Gregg County,0.02611577,-0.01497766,-0.01481259,0.00286423,0.00932985,-0.01100832,-0.03844469,0.00215731,0.00754680,0.50000000,0.10000000,0.30000000,0.70000000,1.60000000,-1.00000000,0.00000000,-0.00005544,-0.00000126,0.00001134,-0.00000882,-0.00000252,0.00000000,0.00000000,-18.20000000,0.00003654
Hamilton County,0.06956425,-0.02008317,0.01157860,-0.00156049,-0.02450995,0.01722228,-0.15072537,-0.01714708,0.04016925,-1.70000000,1.10000000,-0.40000000,0.50000000,-0.60000000,2.50000000,0.30000000,-0.00019485,-0.00024180,0.00029623,0.00018945,-0.00074161,0.00102038,-0.00056379,-14.79950643,-0.00018696
Hansford County,0.01025062,0.00627134,-0.02394065,0.00709098,-0.01177514,0.00958087,-0.00495787,-0.01141421,0.00718235,-2.10000000,-0.20000000,4.10000000,-0.40000000,1.90000000,-1.80000000,2.90000000,0.00001586,0.00003285,-0.00004870,-0.00000264,0.00000189,0.00001397,-0.00001359,-19.99997848,-0.00000793
Hardeman County,0.01870921,-0.07280038,0.01396509,0.03471726,-0.02788929,0.01386686,0.01306553,-0.01632768,-0.00377675,6.40000000,3.00000000,0.80000000,3.60000000,-2.80000000,-9.00000000,0.70000000,-0.00005136,-0.00015707,0.00001247,0.00001995,0.00016755,0.00130296,-0.00048169,-15.49964147,0.00132441
Hartley County,0.00418239,0.02180136,-0.04191632,0.00606377,0.00595405,0.01152741,-0.07123677,0.02464955,0.01247071,3.40000000,-1.30000000,-0.70000000,1.30000000,0.30000000,-2.50000000,0.90000000,-0.00061343,-0.00304127,0.00220840,0.00007623,0.00111524,0.00019450,0.00343740,-7.29402814,-0.00407172
Haskell County,-0.00209886,-0.00457221,-0.01765818,0.02092710,-0.01624571,0.02274422,-0.05660535,0.01459617,0.01093673,-1.20000000,-1.80000000,2.70000000,-0.80000000,2.30000000,-0.70000000,0.10000000,0.00044207,0.00012483,-0.00125977,0.00104027,0.00031418,-0.00009162,0.00670580,-20.59691852,0.00092307
Hays County,-0.05659240,0.04004684,-0.05481079,0.01636259,0.00202948,-0.00028927,-0.09929274,0.00938539,-0.00299541,-1.40000000,0.00000000,0.40000000,0.20000000,0.30000000,-0.40000000,-0.70000000,-0.00002044,-0.00000716,0.00003578,-0.00000511,-0.00002095,-0.00001124,0.00000358,-16.19999489,0.00008586
Hidalgo County,-0.02038862,0.00757656,-0.09541524,0.10103010,-0.02550845,-0.00165304,-0.03914725,0.00006740,-0.00026519,-1.60000000,0.90000000,-0.30000000,-0.20000000,-0.20000000,-0.40000000,-1.40000000,-0.00158740,-0.01280219,0.00289206,0.01142663,0.00916440,0.00773549,-0.01419992,-32.78692757,0.01086947
Anderson County,-0.00425597,-0.00638604,-0.00848904,0.00000741,-0.00920917,0.02152385,-0.07855436,0.01672440,0.00510922,-0.30000000,2.30000000,0.30000000,1.20000000,-2.10000000,0.30000000,-1.40000000,-0.00002450,-0.00002418,-0.00000484,-0.00000129,-0.00000193,0.00000226,0.00000387,-17.09999516,0.00001160
Andrews County,0.02071919,-0.03070145,-0.02009069,-0.01524760,0.00659064,0.10511688,-0.14427088,0.01710673,0.00386572,-1.30000000,-0.10000000,-1.90000000,-2.60000000,-1.10000000,0.90000000,-1.60000000,0.00000694,-0.00000532,0.00000000,0.00019052,-0.00016621,-0.00000556,0.00006320,-10.69999560,-0.00000208
Angelina County,0.01066500,0.00510203,-0.01609535,0.00271377,-0.00233361,0.01320155,-0.04260654,0.00791305,-0.00442248,-0.10000000,0.60000000,0.50000000,0.40000000,0.70000000,-0.60000000,0.20000000,0.00014829,-0.00014829,0.00000121,0.00000241,-0.00000281,0.00000281,-0.00000321,-19.59999679,-0.00000281
Aransas County,0.07635281,-0.10883992,0.01720642,-0.02482241,0.04831867,-0.04425203,-0.01526885,0.00196587,-0.00499857,0.30000000,0.20000000,0.40000000,1.60000000,1.50000000,-2.10000000,-2.00000000,0.00022574,-0.00020402,-0.00001974,-0.00000329,0.00005463,-0.00005463,0.00004410,-17.00000000,0.00000000
Armstrong County,-0.00493768,0.03069459,-0.02278366,-0.00936428,0.00156439,-0.00145183,-0.04317054,0.00230057,0.00713748,-0.60000000,0.40000000,2.90000000,-2.90000000,-0.80000000,-3.40000000,2.70000000,0.00001369,-0.00001445,0.00000722,-0.00001027,0.00000342,0.00000038,-0.00000228,-9.59999886,-0.00000076
Austin County,-0.01565764,0.00824970,-0.01105818,0.00379847,-0.00615379,0.01435954,-0.04808838,-0.00336595,0.00305837,0.50000000,0.50000000,-0.20000000,1.00000000,0.10000000,1.30000000,3.00000000,0.00002647,-0.00008788,0.00029276,-0.00023770,0.00000476,0.00004818,0.00022394,-14.49970512,-0.00009529
Baylor County,-0.01214937,-0.01428778,-0.00121440,0.01185320,0.01526114,0.00035557,-0.11743403,0.04346030,-0.00335820,4.00000000,-1.50000000,-0.90000000,0.50000000,1.40000000,-4.90000000,0.80000000,-0.00000347,0.00008716,-0.00010258,0.00005746,-0.00005052,-0.00002082,0.00008407,-12.69957348,0.00002391
Bee County,-0.00144115,-0.02390941,0.01028343,-0.00335123,0.01362519,0.00498304,-0.05913605,-0.01229378,0.00873689,-1.20000000,1.60000000,2.40000000,-0.80000000,1.10000000,-2.10000000,-0.70000000,0.00043736,0.00033591,-0.00066512,-0.00010816,0.00017447,-0.00012276,0.00001105,-20.49997790,0.00001421
Bexar County,-0.01278108,-0.00879598,-0.02312074,-0.00483191,0.01312522,0.00806176,-0.03782894,-0.00847341,-0.00701355,-0.20000000,0.20000000,0.70000000,-0.20000000,0.20000000,-0.40000000,-0.20000000,-0.00010928,-0.00010347,-0.00001107,0.00000581,0.00006391,-0.00000802,0.00014109,-17.19997483,-0.00000498
Bosque County,0.01581064,0.01720367,-0.00991722,-0.01334277,0.01398885,0.00462136,-0.02871079,0.00262176,-0.01525260,-1.50000000,-1.00000000,-1.70000000,1.20000000,-0.40000000,0.20000000,0.30000000,0.00061211,-0.00060449,0.00040865,0.00023188,-0.00009047,-0.00032616,0.00003570,-14.79968008,-0.00005962
Bowie County,-0.00851103,-0.02117668,0.03213832,-0.01649836,0.00562596,0.01178352,-0.05421896,0.00340087,0.00211477,-0.90000000,1.60000000,0.30000000,1.00000000,-0.30000000,-0.30000000,0.40000000,0.00002221,-0.00018787,-0.00000038,0.00000000,0.00000979,-0.00000715,-0.00000264,-19.49998005,0.00025489
Brazoria County,0.02747899,-0.00747094,-0.01370321,-0.00190057,-0.00258580,-0.00294828,-0.00808531,-0.00334209,0.00267091,0.00000000,0.10000000,0.20000000,0.30000000,0.00000000,0.00000000,-0.70000000,-0.00003824,0.00014798,-0.00024735,0.00013566,0.00020652,-0.00008490,0.00008835,-10.49917393,-0.00078352
Brazos County,0.00713512,-0.00937381,-0.01505486,-0.02615074,0.02246504,-0.00468191,-0.04496770,-0.01352440,0.03268284,-0.90000000,0.00000000,0.30000000,-0.20000000,-0.50000000,-1.40000000,-0.90000000,-0.00013048,0.00001058,-0.00007993,0.00008757,-0.00008640,0.00003938,-0.00002939,-26.99996709,0.00000764
Burleson County,0.00068234,-0.01828716,0.00126508,-0.01325560,0.00785232,0.00518610,-0.06758977,-0.01556498,0.01463671,-3.90000000,-0.20000000,1.10000000,0.60000000,1.00000000,0.20000000,-2.60000000,-0.00005340,0.00003902,-0.00014941,0.00044565,-0.00041587,0.00005032,-0.00000257,-13.59991272,0.00009139
Caldwell County,-0.06258851,-0.00201892,-0.02463924,-0.00048076,0.00368157,0.02187537,-0.08216361,-0.00323256,0.01247236,0.20000000,1.10000000,-1.10000000,-0.90000000,-0.60000000,1.20000000,-0.70000000,-0.00014797,-0.00007494,0.00059317,-0.00059952,0.00011368,-0.00010415,0.00019751,-18.59997841,0.00073161
Calhoun County,-0.01241841,0.00952656,-0.00316374,0.00011340,0.00482301,-0.00693217,-0.02859582,-0.00659331,0.00612828,2.40000000,0.40000000,0.70000000,0.20000000,2.10000000,-0.40000000,-1.20000000,0.00000606,-0.00000606,-0.00000168,0.00007773,-0.00007672,0.00000000,0.00078303,-18.09997981,-0.00001043
Camp County,-0.01282706,-0.00588007,-0.00166536,-0.00290156,0.00445579,-0.00488837,-0.07277328,0.01815143,-0.00633317,-2.30000000,-1.80000000,3.00000000,0.20000000,-0.30000000,-1.80000000,-0.40000000,0.00004787,-0.00004617,0.00000000,0.00000000,-0.00000171,0.00000684,-0.00000684,-19.29997093,-0.00000684
Cass County,-0.00082646,-0.01793217,0.01295891,-0.00419311,-0.00762634,0.04581519,-0.05974421,0.00151434,-0.00542340,1.20000000,-0.40000000,1.20000000,0.80000000,0.00000000,-1.10000000,-0.60000000,0.00000579,-0.00000796,0.00000000,0.00000000,0.00000362,-0.00000362,0.00000000,-19.19997431,0.00013352
Chambers County,0.00176581,-0.00722719,0.00362536,-0.00197921,0.00170239,0.00926943,-0.01449547,0.00236452,-0.00888132,-0.50000000,-2.20000000,0.30000000,1.10000000,1.20000000,-0.30000000,1.10000000,-0.00001436,0.00000957,-0.00000878,-0.00000479,0.00000878,-0.00000638,0.00002433,-11.69999521,-0.00000479
Cherokee County,0.01148153,-0.01246133,-0.00487023,-0.00370820,-0.00572277,0.02639187,-0.05184810,-0.00470665,0.00676342,1.40000000,-0.10000000,2.20000000,0.00000000,-1.30000000,-1.10000000,-0.20000000,-0.00006968,-0.00001472,-0.00000360,0.00018451,-0.00016390,-0.00001963,0.00000360,-21.89999967,0.00001014
Cochran County,0.00787914,0.08223521,-0.06472566,-0.01226336,0.00165086,0.03291237,-0.07918405,0.03054164,-0.00389385,-4.20000000,-8.70000000,-1.20000000,0.10000000,0.80000000,4.10000000,-0.40000000,0.00140613,-0.00256079,-0.00000628,0.00070508,-0.00035501,0.00056882,-0.00090186,-19.59983729,0.00060871
Coleman County,0.00702505,-0.00264097,-0.01071437,0.00750096,-0.02313579,0.00476969,-0.03795303,-0.01371248,-0.00140658,-1.70000000,1.40000000,-0.80000000,-2.40000000,-6.70000000,1.70000000,-4.30000000,-0.00010874,0.00000217,0.00000190,-0.00000190,0.00000461,0.00001030,-0.00000678,-18.29996827,-0.00002685
Comal County,-0.02967244,0.02261957,-0.00984366,-0.02188636,0.01494895,0.01186740,-0.07784323,-0.00456611,-0.00888982,1.00000000,-0.50000000,0.40000000,0.30000000,0.40000000,-1.80000000,0.40000000,-0.00005682,0.00003022,-0.00002539,0.00006166,-0.00006105,0.00013359,-0.00013540,-9.19997945,0.00001330
Cottle County,-0.00738215,-0.00279924,-0.01289429,0.00817803,-0.01108556,0.02438146,-0.01728335,-0.00252251,-0.00879044,-1.70000000,2.40000000,2.00000000,0.10000000,5.00000000,2.30000000,2.30000000,0.00000694,-0.00000308,-0.00000193,0.00000501,0.00000116,-0.00000501,-0.00000193,-24.99971480,0.00042626
Crane County,-0.02509633,0.00561357,0.02160957,0.01174945,-0.00217369,0.02735670,-0.13451032,0.02078388,0.01308728,-6.30000000,2.30000000,-2.80000000,-2.70000000,-3.40000000,2.70000000,-1.40000000,0.00000310,-0.00000310,0.00002167,-0.00002167,0.00000000,0.00000000,0.00022334,-11.69999956,-0.00000044
Crockett County,0.00060912,-0.00079739,0.00023555,-0.00010199,-0.00017441,0.00011289,-0.00004120,-0.00007030,0.00025449,0.00000000,2.10000000,-1.10000000,-0.20000000,0.10000000,0.70000000,5.20000000,0.00000928,-0.00001015,0.00000173,0.00000025,0.00000272,-0.00000297,0.00000161,-22.70000000,0.00000000
Dallas County,-0.00200973,0.01958332,-0.02041436,0.00227782,-0.00003560,-0.01521009,-0.00581847,0.00105286,0.00070293,0.40000000,0.70000000,0.50000000,0.30000000,0.20000000,0.00000000,-0.70000000,-0.00001300,-0.00003251,0.00006349,-0.00000841,-0.00005086,0.00001262,-0.00001492,-18.59996367,-0.00002295
Delta County,-0.00187667,-0.00747791,0.00880570,-0.00723035,0.01114747,-0.00413967,-0.03019420,0.00441973,0.00071391,-0.40000000,5.70000000,-2.10000000,-0.20000000,2.40000000,2.50000000,-1.30000000,0.00003126,-0.00003126,-0.00000125,0.00000250,-0.00000250,-0.00000250,0.00000000,-21.50000000,0.00000125
Dickens County,0.03819058,-0.04494486,0.00520266,-0.01333198,-0.01363025,0.10351537,-0.15219649,0.01922485,0.00081420,-4.60000000,-4.10000000,1.40000000,-3.10000000,-3.00000000,4.30000000,-1.10000000,-0.00009942,0.00001152,0.00002265,-0.00001766,0.00005758,-0.00000499,-0.00002649,-18.99997582,-0.00001459
Dimmit County,-0.00868709,-0.02461923,0.01476352,0.00434823,0.01202814,0.00895268,-0.07588873,-0.00430813,-0.01091055,-0.80000000,-3.40000000,-6.00000000,-0.50000000,-5.60000000,-2.00000000,4.40000000,-0.00034918,0.00014217,-0.00026976,0.00004453,0.00090772,-0.00077414,-0.00018852,-23.29998464,0.00001927
Ector County,0.00082001,0.00436938,-0.00083503,-0.00032908,0.00733033,-0.00048129,-0.02325723,-0.00079419,-0.00051867,-0.20000000,-0.50000000,-0.40000000,0.10000000,-1.30000000,-1.60000000,-0.60000000,-0.00003314,-0.00001696,0.00000963,0.00003699,-0.00003738,-0.00000077,0.00005395,-12.39998728,-0.00001272
Floyd County,0.00032840,0.00493095,0.00086302,0.01099765,-0.00779135,-0.00792159,-0.01846795,0.00509970,0.00721332,1.10000000,-2.00000000,1.40000000,-2.90000000,2.60000000,-0.50000000,-0.40000000,-0.00020341,0.00008998,0.00034136,-0.00030425,0.00000560,0.00019991,0.00006372,-21.99984595,-0.00000105
Foard County,0.03300880,-0.04910662,-0.01121162,0.00191304,-0.00760601,0.01227420,0.00352066,-0.01031402,-0.00454691,-4.40000000,-1.70000000,-2.80000000,-3.50000000,-8.50000000,2.90000000,-2.90000000,0.00002013,-0.00002897,-0.00000147,0.00004910,0.00000884,0.00000049,-0.00005254,-6.89845965,-0.00023275
Fort Bend County,-0.00524217,0.02567350,-0.03445126,0.00451252,-0.00173679,-0.01320001,-0.01926955,-0.00349595,0.00433668,-0.10000000,0.30000000,0.00000000,0.10000000,0.30000000,-0.50000000,0.00000000,0.00053850,-0.00064605,0.00005024,0.00001766,0.00006005,-0.00006594,-0.00003493,-8.19994073,0.00008556
Freestone County,0.01122308,-0.03107899,-0.00122948,0.00772748,-0.00525528,0.00056098,-0.08014513,0.03349782,-0.01332246,0.60000000,-2.00000000,1.10000000,0.50000000,1.40000000,-2.10000000,1.70000000,0.00002532,-0.00006467,0.00007947,-0.00008181,-0.00001325,0.00004324,-0.00004129,-16.59999571,0.00001363
Galveston County,0.00111071,0.00553961,-0.00157798,-0.01102952,0.00342637,0.00025213,-0.00941178,0.00504173,-0.00746118,-0.20000000,0.30000000,-0.30000000,0.50000000,0.20000000,0.40000000,-0.30000000,0.00001710,-0.00001551,-0.00001630,-0.00000477,0.00000636,-0.00000636,0.00002983,-13.60000000,0.00000080
Glasscock County,0.03718894,0.00073387,0.01407962,0.00139794,-0.01784152,0.05959795,-0.02615663,-0.00071150,-0.00501136,-0.40000000,-6.10000000,-1.80000000,0.90000000,-0.30000000,-0.50000000,1.90000000,-0.00177046,-0.00001543,0.00003008,0.00001813,-0.00002275,0.00005515,-0.00000077,-5.29985654,-0.00006170
Goliad County,-0.01467937,-0.01484556,-0.01277566,-0.00921853,-0.00239662,0.01938326,-0.06963431,-0.00219283,0.00260042,-1.10000000,2.00000000,0.80000000,0.10000000,1.40000000,2.50000000,-1.70000000,0.00003558,-0.00003235,0.00008411,-0.00016579,0.00001496,-0.00000809,0.00001173,-16.89999798,0.00001334
Lynn County,0.01118109,0.01305141,-0.02568551,0.01403616,-0.02058092,0.00640086,-0.02451175,0.01081395,0.00349679,0.60000000,1.60000000,1.30000000,0.40000000,-2.20000000,1.30000000,0.50000000,-0.00020846,-0.00020146,0.00009334,-0.00008401,0.00052777,-0.00051999,0.00007156,-19.79998289,0.00115587
McCulloch County,0.02750010,-0.00897614,-0.01650135,0.01331270,-0.01855439,0.00978868,-0.03365144,-0.00421517,-0.00405104,-0.40000000,-2.10000000,0.60000000,-4.80000000,2.20000000,0.00000000,-0.40000000,-0.00007187,0.00002687,0.00001101,-0.00003172,-0.00001521,0.00005341,0.00045677,-18.39995565,0.00009744
McLennan County,-0.00283079,0.01151029,0.00124775,-0.00443742,0.00466029,-0.00072105,-0.01416672,-0.00240307,0.00646948,-0.20000000,1.20000000,0.10000000,0.20000000,-0.50000000,0.00000000,-1.60000000,0.00014224,-0.00029891,0.00024844,0.00017109,0.00047458,-0.00062076,-0.00023369,-19.89990233,0.00008751
Marion County,-0.00335651,-0.01032582,-0.00214205,-0.00705033,0.00463380,0.05602315,-0.05213588,0.00233137,-0.01170067,3.80000000,-0.60000000,-0.70000000,1.30000000,0.70000000,-1.30000000,-1.00000000,0.00007854,-0.00007854,0.00000000,0.00000000,0.00000000,0.00000000,0.00000000,-21.60000000,0.00006531
Martin County,-0.00061401,0.02367389,-0.03717791,0.01936633,-0.02774084,0.04637666,-0.04712425,0.00772141,0.00318465,-0.70000000,4.30000000,3.20000000,1.10000000,-1.60000000,-0.90000000,-2.70000000,-0.00047777,-0.00012561,0.00008159,-0.00007855,0.00056999,-0.00056961,0.00001214,-10.59926456,-0.00025577
Mason County,0.01076978,-0.01439412,-0.00462819,-0.01568089,0.00455028,0.00852725,-0.05823925,-0.00416075,0.00068141,1.10000000,-3.10000000,2.60000000,-2.20000000,-2.40000000,3.10000000,0.60000000,-0.00008611,0.00002796,-0.00003802,0.00000447,-0.00002572,0.00003429,0.00052037,-14.89998546,0.00000037
Maverick County,-0.04571595,0.03679501,0.00641061,-0.00466854,0.00452517,0.02603947,-0.08571263,0.00444715,0.01172987,3.40000000,-2.10000000,-0.30000000,-0.70000000,-0.60000000,-3.20000000,-2.00000000,-0.00227899,-0.00541825,0.00205949,-0.00185074,0.00156909,-0.00151852,-0.00002071,-24.69999058,0.00145557
Jackson County,-0.00567993,-0.00297988,-0.00806002,0.01265961,-0.00913348,0.00802596,-0.04338137,-0.00463771,0.00559680,1.70000000,0.80000000,0.30000000,-0.10000000,0.80000000,-1.10000000,0.60000000,-0.00007421,-0.00006813,0.00000203,0.00114969,-0.00111076,0.00003650,0.00028996,-12.99961190,-0.00029118
Jefferson County,-0.01925925,0.00559036,-0.00277706,-0.00531146,-0.00699544,0.02191795,-0.01211577,-0.00330424,-0.00721187,0.80000000,0.10000000,0.40000000,1.70000000,0.30000000,-1.40000000,0.10000000,-0.00000250,0.00001874,0.00003560,-0.00014085,0.00001499,0.00000937,-0.00000500,-19.99996533,-0.00003467
Jim Hogg County,0.00869117,0.00991669,-0.24191893,0.25709093,-0.00988060,0.00047406,-0.05836115,0.00282753,-0.00284924,-0.80000000,-2.10000000,2.10000000,2.00000000,1.80000000,1.70000000,3.40000000,0.00002324,-0.00002630,0.00001896,-0.00001009,-0.00001407,0.00000856,-0.00000734,-20.90000000,0.00000306
Jim Wells County,0.01794925,-0.06320355,0.03115077,-0.02353256,0.00306658,0.07036636,-0.06988214,-0.03447266,-0.01381380,-2.90000000,1.00000000,-1.80000000,0.60000000,-1.20000000,1.80000000,-1.60000000,0.00087719,0.00000520,-0.00132419,0.00349997,-0.00598028,0.00792235,-0.00531278,-20.69916883,0.00617477
Johnson County,-0.00219624,0.01420317,-0.01174009,-0.00295844,0.00593628,-0.00542010,-0.01124756,0.00126229,0.00061364,-0.60000000,0.30000000,0.20000000,1.00000000,0.50000000,-0.40000000,0.00000000,0.00017695,-0.00018310,0.00003170,0.00010787,-0.00013389,0.00001325,-0.00001230,-12.09998249,-0.00000520
Jones County,-0.00269239,-0.04607359,-0.03619024,0.05421454,-0.00371729,0.00793960,-0.06841476,0.00885141,-0.00884807,-0.80000000,0.70000000,3.50000000,2.00000000,-0.10000000,-0.10000000,-1.60000000,0.00013683,-0.00029405,-0.00000297,0.00000111,0.00037377,0.00580638,-0.00075310,-16.69733727,0.00152622
Karnes County,-0.01503781,-0.01313376,-0.00795146,0.01340491,0.02346379,-0.00013004,-0.06726159,-0.01230924,0.00637804,0.00000000,3.70000000,0.90000000,-0.30000000,-0.20000000,2.30000000,-1.40000000,0.00007839,0.00009638,-0.00001476,-0.00015771,-0.00000415,0.00004519,-0.00004150,-23.99998893,0.00011160
Kaufman County,0.00006410,0.00668816,-0.00734213,-0.00190642,0.00468322,-0.00881056,-0.02972435,0.01246463,0.00919176,-0.60000000,0.40000000,1.00000000,0.50000000,0.60000000,0.10000000,-0.30000000,0.00002581,-0.00003485,0.00004733,-0.00004302,0.00036657,-0.00035753,-0.00000645,-13.69993159,-0.00005593
Kendall County,-0.01236500,0.00453658,-0.02135692,0.00743483,0.01089019,0.00426038,-0.08034812,0.00045230,-0.00591862,1.30000000,1.80000000,-0.90000000,1.30000000,0.00000000,-1.50000000,-1.70000000,-0.00007495,-0.00001887,0.00005293,-0.00008543,0.00000105,0.00015828,-0.00014255,-6.09999633,0.00001153
Kerr County,-0.00262704,-0.00140625,-0.00767964,-0.00499988,0.00719886,0.00122926,-0.02222234,0.00065370,-0.00153806,0.50000000,0.00000000,-0.20000000,1.00000000,1.30000000,-0.30000000,0.80000000,-0.00001475,0.00004237,-0.00004174,-0.00001632,-0.00000659,0.00002071,-0.00001255,-16.69999843,0.00000000
Kimble County,0.00214465,-0.00568740,-0.00105344,-0.00283620,0.00168167,-0.00064934,-0.00729741,0.00044715,0.00110760,0.50000000,2.80000000,-1.60000000,3.70000000,1.10000000,0.00000000,-1.60000000,-0.00015164,0.00029412,-0.00032189,0.00002638,-0.00004638,0.00003055,-0.00002833,-18.99999750,0.00001500
Kinney County,-0.00132315,0.01034899,-0.00505205,0.00999898,-0.00259845,0.00428102,-0.04469949,-0.00406720,-0.00468881,4.10000000,-4.30000000,1.80000000,-4.00000000,-0.30000000,-7.60000000,2.70000000,-0.00008171,-0.00010488,-0.00000255,0.00000407,-0.00000713,0.00000942,-0.00000738,-20.49999975,0.00000051
Knox County,0.03728440,-0.05430445,-0.01552931,0.00897086,-0.00459855,-0.00327151,-0.00012348,-0.00160123,0.00223814,-2.20000000,2.90000000,2.40000000,-0.50000000,-2.50000000,-1.80000000,-1.80000000,-0.00000081,0.00009302,-0.00004915,0.00052115,0.00021772,-0.00068160,0.00016207,-14.69977294,0.00030871
Lamb County,-0.00324815,0.01403673,-0.00636587,0.00525344,-0.00569015,0.00090312,-0.00519028,0.00638021,0.00042783,0.40000000,3.20000000,0.60000000,0.40000000,1.10000000,0.30000000,-2.70000000,0.00073547,-0.00086522,0.00106974,-0.00118788,0.00001946,0.00088570,0.00051797,-20.79998907,0.00419634
Lampasas County,0.05509960,-0.05059931,-0.01944577,0.03036942,-0.03738074,0.02583408,-0.16473664,0.00470618,0.00416494,-2.70000000,0.70000000,1.20000000,0.40000000,-2.40000000,0.10000000,-0.90000000,-0.00044536,0.00003602,-0.00017863,0.00010124,-0.00018058,0.00026478,0.00000146,-13.69989827,0.00003748
La Salle County,-0.01047963,-0.05199165,0.01111265,0.01557515,-0.01887697,0.01450098,-0.05361698,-0.00386297,-0.00415530,0.70000000,2.50000000,-0.70000000,-1.90000000,-5.20000000,-0.90000000,-2.40000000,-0.00049906,-0.00002488,0.00006372,-0.00005581,0.00007023,0.00002512,-0.00007930,-13.19983977,0.00003814
Lavaca County,0.01910204,-0.01479543,-0.01576547,0.01109756,-0.01144382,0.00593192,-0.06181683,-0.00038458,0.00623880,-0.30000000,-0.40000000,-0.80000000,-1.00000000,2.10000000,-1.20000000,1.20000000,-0.00110467,0.00009453,-0.00005192,0.00028038,-0.00068250,0.00097111,-0.00059190,-10.39958427,0.00015612
Liberty County,-0.00297322,0.01494970,-0.01864961,0.00262524,-0.00389487,0.00588500,-0.02980723,0.00550511,0.00208554,-0.40000000,0.80000000,0.80000000,1.40000000,-0.10000000,-0.70000000,-0.30000000,0.00009098,0.00024193,-0.00031697,-0.00001861,0.00016690,-0.00016690,-0.00000561,-17.29996603,-0.00002895
Limestone County,0.00557416,-0.00930728,-0.00460858,0.00248303,0.00010650,0.00184589,-0.03840434,0.01199661,0.00029939,-1.40000000,0.20000000,-0.60000000,3.00000000,0.80000000,0.90000000,-1.00000000,0.00006442,-0.00003612,0.00006926,0.00009980,-0.00023013,0.00033998,-0.00024987,-22.19986334,-0.00002681
Live Oak County,-0.00131347,-0.00338190,-0.03634257,0.01860820,-0.00426410,0.01737976,-0.06613199,-0.00907284,0.00519138,-3.40000000,1.30000000,1.30000000,1.20000000,-1.70000000,-0.10000000,0.60000000,0.00047926,-0.00026186,-0.00016265,-0.00011144,-0.00000225,0.00001900,-0.00000805,-15.89999356,0.00002706
Llano County,0.02553294,-0.03159192,-0.00911924,0.01949986,0.00674184,0.00401042,-0.17224524,0.00783484,-0.00647417,2.30000000,0.50000000,1.00000000,0.00000000,0.90000000,-0.10000000,-1.10000000,-0.00015974,0.00004425,-0.00002015,-0.00001439,-0.00000468,-0.00001151,0.00003778,-13.79998705,0.00007807
Lubbock County,-0.00287538,0.02320098,-0.01396410,0.00212191,-0.00581905,-0.00582137,-0.01083525,0.00782947,-0.00042631,-0.30000000,0.30000000,0.80000000,0.50000000,-0.20000000,-0.80000000,0.10000000,-0.00036921,0.00010648,0.00035687,-0.00036034,0.00007176,0.00004398,0.00022261,-19.49978472,0.00114120
Sabine County,0.00222542,0.01529351,-0.02085917,-0.00085269,0.00458040,0.00922829,-0.02215959,0.00034831,0.00414050,2.00000000,3.80000000,2.60000000,1.40000000,-0.40000000,2.00000000,-4.20000000,0.00000060,0.00000060,-0.00000121,0.00000181,-0.00000181,0.00000000,0.00000000,-23.19999638,-0.00000362
Schleicher County,0.00767939,-0.00710751,0.00966572,-0.00183839,-0.00280318,0.00361129,0.00681667,-0.00561300,-0.00052734,-4.30000000,10.00000000,0.20000000,0.20000000,-0.40000000,-2.90000000,-6.30000000,0.00000318,0.00001856,-0.00001061,0.00007715,-0.00007503,0.00006257,-0.00005064,-13.19996103,0.00001193
Scurry County,0.02477315,-0.08082557,0.06031784,0.01596433,-0.00660720,0.06571433,-0.21045770,0.04531917,0.00550944,2.50000000,0.80000000,-2.50000000,-0.30000000,-3.00000000,-2.80000000,-1.80000000,-0.00010644,-0.00000574,0.00002872,-0.00001838,0.00000804,-0.00001340,0.00001264,-8.09998890,-0.00001072
Shackelford County,-0.02441539,0.01259445,-0.00888212,-0.01827663,0.01787772,0.02099873,-0.19887265,0.04486719,0.01365908,0.50000000,-0.20000000,-0.70000000,3.80000000,1.00000000,2.00000000,-0.60000000,-0.00000835,-0.00000076,-0.00000038,0.00001822,-0.00001784,0.00000607,0.00023380,-18.49997191,0.00004858
Sherman County,0.00199190,0.03168076,-0.04426867,0.00545026,0.00219779,0.00425030,-0.01555620,-0.00052207,0.00743840,-4.70000000,1.10000000,3.20000000,-3.50000000,2.30000000,-3.60000000,1.20000000,0.00003086,0.00002108,-0.00004780,-0.00001016,0.00005571,0.00000903,-0.00002221,-13.59994392,0.00008883
Starr County,-0.01896058,-0.07121836,-0.00058637,0.04436132,-0.00592363,-0.01740984,-0.04637431,-0.01430836,-0.00294853,-1.80000000,-1.70000000,3.60000000,-0.70000000,-0.30000000,-2.30000000,1.00000000,0.00020158,-0.00065677,0.00019819,-0.00028838,0.00004637,0.00068136,0.00015437,-37.59938988,-0.00022561
Stephens County,-0.05841903,0.11548275,-0.08211834,-0.00247793,0.01248356,0.03025484,-0.10844793,-0.00754693,0.00901423,-0.90000000,-5.00000000,0.80000000,3.10000000,1.10000000,0.10000000,2.00000000,0.00002074,-0.00004299,0.00000038,0.00001659,-0.00001056,0.00000943,-0.00001508,-21.99997436,0.00015386
Sterling County,-0.01026165,0.00227644,-0.00644777,-0.00057193,0.01006712,-0.00167930,-0.01221638,-0.00011401,-0.00078791,3.20000000,-6.30000000,0.50000000,-0.10000000,5.30000000,-4.40000000,-0.50000000,0.00001957,-0.00002182,0.00000075,0.00002295,-0.00000075,-0.00000865,-0.00001467,-15.49999699,-0.00000263
Stonewall County,0.02005783,-0.05772319,0.02937344,0.01537322,-0.02556828,0.09064465,-0.05568976,-0.00522951,-0.01122178,-2.70000000,7.00000000,-1.60000000,-0.70000000,2.00000000,0.90000000,-0.60000000,0.00020353,-0.00019787,-0.00000491,0.00032890,-0.00018843,-0.00009818,0.00004494,-18.89998490,0.00014727
Swisher County,-0.00261499,0.03023289,-0.02622398,0.00628323,-0.00536733,-0.00163543,-0.00389934,0.00573037,0.00077971,-3.00000000,1.80000000,3.10000000,2.80000000,-1.10000000,0.60000000,0.80000000,-0.00005478,-0.00001273,0.00006366,-0.00010262,0.00006019,0.00004938,0.00029167,-23.39991589,0.00016860
Medina County,0.01400140,-0.03080766,-0.01889351,-0.01146552,0.03824633,-0.00405783,-0.06126016,-0.00085562,-0.00121417,0.10000000,0.70000000,1.30000000,-0.20000000,-2.10000000,-0.70000000,-0.90000000,-0.00036740,0.00002239,-0.00005182,0.00050541,0.00016951,0.00005520,0.00086344,-13.99991772,0.00012681
Midland County,0.01269046,-0.01052819,0.01595023,-0.01739559,0.00534653,0.01643677,-0.02521296,0.00628841,-0.00344468,-0.30000000,-1.00000000,-1.70000000,0.60000000,-0.40000000,-1.20000000,-0.90000000,0.00012751,-0.00021303,0.00026234,-0.00026426,0.00015216,0.00012751,-0.00021496,-7.89775144,-0.00216612
Milam County,-0.02286376,-0.01070358,-0.02656323,0.01746010,-0.01154938,0.01683060,-0.05988570,-0.00699526,0.01973155,-0.10000000,-0.60000000,2.10000000,0.10000000,0.30000000,-2.10000000,-1.90000000,-0.00122500,-0.00009046,0.00180417,-0.00166779,-0.00005407,0.00139844,-0.00110222,-15.49929908,0.00011835
Mitchell County,-0.04495065,-0.00573417,-0.00210071,0.04203349,0.00154110,0.00119699,-0.12100405,0.01397006,-0.00222173,-0.30000000,-2.00000000,0.90000000,-2.50000000,-0.70000000,0.50000000,-1.30000000,-0.00014114,-0.00018059,-0.00000076,0.00001024,0.00001214,0.00007512,-0.00009902,-10.19998786,-0.00000683
Montague County,-0.00156400,0.06466268,-0.07073163,0.00296133,-0.00191731,0.00458125,-0.06528746,0.01350858,0.02327772,0.30000000,-0.10000000,2.70000000,-0.20000000,-0.90000000,0.30000000,1.10000000,0.00021036,-0.00018777,0.00009777,-0.00014703,-0.00002185,0.00016703,-0.00017184,-16.09772493,-0.00223581
Motley County,-0.04220237,-0.01710620,0.01882749,0.00595484,-0.00197828,0.02976329,-0.13885557,0.00725204,0.00250277,-5.30000000,-0.50000000,4.00000000,-0.10000000,-11.00000000,2.40000000,-1.40000000,-0.00000421,-0.00001474,0.00003160,-0.00003089,0.00000702,-0.00000386,0.00002422,-15.49999228,-0.00000597
Newton County,0.00608731,0.07377281,-0.06701731,0.00064046,0.00949371,-0.01485958,-0.02423385,0.00389230,0.00148762,2.20000000,1.20000000,-1.20000000,-0.10000000,-1.20000000,-2.00000000,3.30000000,0.00005843,-0.00003994,-0.00001849,0.00000111,-0.00000037,0.00000037,-0.00000111,-16.19999556,-0.00000444
Nolan County,-0.00606853,-0.00696126,-0.01014970,0.01366702,-0.00067753,0.00032280,-0.00956760,-0.00627993,-0.00241851,0.10000000,-0.50000000,0.40000000,-0.80000000,0.00000000,2.70000000,-3.60000000,0.00000913,-0.00004525,-0.00000608,0.00003270,-0.00002357,0.00001407,0.00002928,-17.59996388,-0.00003308
Ochiltree County,0.01136366,0.00383696,-0.01916097,0.00621378,-0.01011546,0.00107789,-0.02802104,-0.00241012,0.00029029,0.50000000,3.90000000,0.90000000,-5.20000000,-2.00000000,-1.60000000,-1.10000000,0.00020816,-0.00020248,-0.00000227,-0.00000341,0.00000076,0.00000719,-0.00000795,-12.59999849,-0.00000151
Oldham County,-0.00022241,0.06498295,-0.04713224,0.01914794,-0.04286796,0.02670838,-0.17075577,0.03512723,0.02337958,-5.20000000,6.60000000,-2.00000000,-3.80000000,2.50000000,-3.60000000,0.10000000,0.00001250,-0.00001157,0.00001065,-0.00001227,0.00000000,0.00000069,0.00000694,-13.19999954,-0.00000023
Orange County,-0.01259571,0.02006048,-0.01262867,-0.00803518,0.01206833,0.00463286,-0.02582409,0.00059513,0.00327139,-1.00000000,-0.30000000,1.20000000,-0.40000000,0.40000000,0.70000000,-0.30000000,-0.00000641,-0.00000092,-0.00000366,0.00000092,0.00000275,-0.00000183,0.00000458,-15.19993042,-0.00006958
Palo Pinto County,-0.01526272,0.02994929,-0.01564564,-0.01431669,0.00957561,0.05231270,-0.10233172,-0.02177950,0.03295098,-0.40000000,2.00000000,0.00000000,2.70000000,-0.70000000,2.00000000,-1.90000000,-0.00007651,-0.00001164,-0.00002574,0.00018265,-0.00020909,0.00005853,0.00004513,-17.89993794,0.00003914
Panola County,0.00289484,-0.01047210,0.00237062,-0.01137838,0.00805960,0.02163428,-0.04504853,0.00494136,-0.00159000,-2.10000000,0.30000000,-0.50000000,0.40000000,1.10000000,1.20000000,-0.40000000,0.00001862,-0.00001862,0.00000000,0.00000000,0.00000635,-0.00000635,0.00000000,-14.60000000,0.00001481
Parmer County,0.00108037,0.02054626,-0.02319222,0.00681983,-0.00391791,-0.00089311,-0.00026303,-0.00080400,0.00276138,-0.40000000,1.10000000,-0.10000000,1.70000000,-3.70000000,-0.40000000,-0.40000000,0.00194129,-0.00193383,-0.00000550,-0.00002473,-0.00000157,0.00033369,-0.00011267,-16.79925253,-0.00073373
Potter County,0.00952938,0.03762152,-0.07198969,0.00670381,-0.01332357,0.01253963,-0.15970564,0.04736309,0.01690782,0.90000000,0.00000000,0.10000000,0.30000000,-0.70000000,-0.40000000,-0.10000000,-0.00001508,0.00000000,0.00001470,-0.00005013,0.00000075,0.00002601,-0.00002563,-21.89999585,-0.00000264
Presidio County,-0.00661231,-0.01158453,0.01566999,-0.00354348,0.00711166,-0.00155473,-0.06486499,0.01178730,-0.00505649,-5.40000000,-1.20000000,1.00000000,0.90000000,-3.40000000,0.30000000,2.80000000,0.00000559,0.00008210,-0.00008868,-0.00000306,0.00000000,0.00002695,-0.00002622,-24.49999324,0.00001199
Randall County,-0.00304913,0.02848374,-0.02652068,0.00689801,-0.00163645,-0.00947813,-0.01517254,0.00785600,0.00293686,0.00000000,0.00000000,0.30000000,0.60000000,0.40000000,-0.20000000,0.00000000,-0.00003014,0.00000377,0.00007045,-0.00008401,0.00000151,0.00006969,-0.00004257,-10.49998531,-0.00001130
Real County,-0.02696447,0.00236409,-0.00567522,0.00601770,-0.00605790,0.00080656,-0.00871533,-0.00106119,-0.00033255,6.40000000,-1.70000000,-3.80000000,-1.10000000,-1.00000000,-2.60000000,1.80000000,-0.00006998,0.00005311,-0.00004070,-0.00000050,-0.00001489,0.00000794,-0.00000745,-18.40000000,0.00000993
Roberts County,0.00317867,0.01041357,-0.04918210,0.03853992,-0.02259132,0.01123512,-0.16794819,0.03678590,0.01400771,1.90000000,-4.40000000,-2.60000000,-4.60000000,-0.90000000,-0.60000000,0.30000000,0.00000263,-0.00000526,-0.00000038,0.00000000,0.00000000,0.00000000,0.00000000,-1.79999962,-0.00000038
Rockwall County,-0.00380165,0.03182917,-0.03070059,0.00499098,-0.00193938,-0.02902758,-0.00832531,0.00124541,0.00190667,0.70000000,-0.10000000,0.80000000,-0.40000000,0.40000000,0.00000000,-0.10000000,0.00008178,-0.00008178,0.00004206,-0.00004206,0.00002570,-0.00002570,0.00000000,-6.19997430,-0.00001636
Runnels County,0.03632920,-0.08460256,0.02346789,0.01171570,0.00251178,-0.00268041,-0.01413445,-0.00652056,0.00174388,2.30000000,-1.60000000,0.90000000,1.00000000,1.80000000,-3.40000000,-2.50000000,0.00024424,-0.00025706,0.00002531,0.00013412,-0.00005654,-0.00004898,0.00031788,-17.79951250,-0.00047961
Rusk County,0.00839322,-0.01102679,-0.00870686,-0.01009808,0.00827324,0.01856277,-0.06396377,-0.00216144,0.00415884,-1.00000000,1.10000000,1.80000000,2.50000000,-0.80000000,0.50000000,-1.00000000,-0.00001333,-0.00000518,0.00000185,-0.00000185,0.00000481,-0.00000481,0.00000000,-16.50000000,0.00001703
Tarrant County,-0.00077447,0.03692607,-0.04389743,0.00655352,-0.00074212,-0.02688764,-0.00398017,-0.00183315,0.00129746,0.30000000,0.80000000,0.50000000,0.50000000,0.10000000,-0.30000000,-0.60000000,-0.00002503,-0.00003312,0.00001309,0.00004583,-0.00005854,0.00000770,-0.00000655,-14.39999538,0.00000347
Taylor County,-0.00135133,0.00050954,-0.05914514,0.02977234,-0.01251237,0.00519515,-0.01520557,-0.01274559,-0.00372022,-0.30000000,0.00000000,0.50000000,0.40000000,0.60000000,-0.60000000,0.10000000,-0.00000038,0.00000983,0.00001021,0.00003440,-0.00006237,0.00006350,-0.00000227,-17.49997921,-0.00001096
Terry County,0.00654623,0.02209703,-0.02634717,0.02541227,-0.02872673,-0.00258472,-0.01269190,0.01807311,-0.00389716,-5.30000000,0.10000000,-0.50000000,-2.20000000,-1.40000000,2.70000000,-1.60000000,0.00041382,-0.00187174,0.00014353,0.00004524,0.00031046,-0.00002574,0.00170442,-13.69953080,0.00350635
Titus County,-0.02080575,0.00153074,0.00576618,-0.01071678,0.00982610,-0.00100416,-0.07931658,0.00485917,0.00544697,2.10000000,0.40000000,1.30000000,2.40000000,0.30000000,-0.90000000,-0.60000000,0.00005878,-0.00006450,0.00000245,-0.00000163,0.00000000,0.00002694,-0.00002694,-20.79994367,0.00006205
Tom Green County,0.03136854,-0.04907127,0.04336969,0.00025263,-0.00732700,-0.00020143,0.02115341,-0.01096716,0.00190895,0.50000000,-0.90000000,0.10000000,0.20000000,-0.10000000,-1.20000000,-1.10000000,-0.00000586,-0.00003203,0.00000180,0.00010805,-0.00012496,0.00039023,-0.00036023,-13.79996346,-0.00003271
Upshur County,0.00562462,-0.01822489,-0.01307349,-0.00023280,0.00457616,0.01262021,-0.07472265,0.01308111,0.00881339,-0.80000000,-0.10000000,1.30000000,1.50000000,-1.80000000,-0.50000000,0.00000000,-0.00003166,-0.00002580,0.00000000,0.00000059,-0.00000059,0.00001231,-0.00001231,-13.49999765,0.00006626
Upton County,0.01373703,-0.00933650,0.00839661,0.00082989,-0.00334728,0.00037646,-0.00056847,0.00220698,-0.00073949,-5.70000000,-0.20000000,1.90000000,1.50000000,1.50000000,1.10000000,0.70000000,0.00003079,-0.00006550,0.00006997,-0.00006997,0.00016402,-0.00001987,-0.00010636,-20.39977216,-0.00016682
Uvalde County,-0.00203818,-0.00514070,-0.00573017,0.00169261,-0.00342111,0.00634662,-0.02698745,-0.00678315,0.00325101,-1.00000000,1.00000000,0.30000000,-1.50000000,-2.80000000,-3.80000000,0.80000000,-0.00034713,-0.00088599,-0.00011816,0.00069492,0.00125095,-0.00069760,-0.00071187,-20.69987426,0.00027200
Val Verde County,0.00447422,-0.00576780,0.00092713,-0.00076503,0.00072515,0.00035280,-0.00099281,-0.00067743,0.00007270,0.60000000,-1.00000000,-2.00000000,1.10000000,0.30000000,-1.80000000,0.30000000,0.00000602,-0.00000333,-0.00000161,-0.00000140,0.00000000,0.00000032,0.00007202,-20.89999871,-0.00000129
Walker County,0.00129458,0.01133776,-0.02678168,0.00222758,0.00198219,0.01101173,-0.03706808,-0.01231932,0.00082808,1.70000000,-0.40000000,-0.80000000,3.40000000,-0.60000000,0.40000000,-1.80000000,-0.00008368,-0.00000607,0.00003989,-0.00003859,-0.00000910,0.00001084,0.00002601,-23.99995708,0.00003512
Wise County,0.00392056,0.00925582,-0.01669881,0.00029492,0.00434128,0.00110735,-0.02489624,0.00758311,-0.00468252,1.00000000,0.20000000,0.80000000,0.00000000,-0.60000000,1.50000000,0.80000000,-0.00008362,-0.00006855,0.00007194,0.00006930,0.00003239,-0.00003993,0.00012505,-12.49954312,-0.00044181
Yoakum County,-0.00282827,0.03872061,-0.06081489,0.02336698,-0.02219943,0.00605151,-0.02528059,0.01869593,0.00606759,4.00000000,-2.60000000,-10.50000000,-0.20000000,-0.80000000,1.00000000,0.10000000,-0.00012644,-0.00109498,0.00013905,0.00172286,-0.00089554,0.00020900,0.00141174,-11.99915921,0.00359215
Young County,-0.00751085,0.08277615,-0.07475201,0.00402943,-0.00624648,0.01036886,-0.08167416,-0.00026617,0.00647419,1.50000000,1.00000000,-1.40000000,0.80000000,0.80000000,-1.60000000,0.10000000,0.00003210,-0.00001531,0.00003285,0.00019150,-0.00022249,0.00016089,-0.00020532,-15.29990331,-0.00007391
Zapata County,-0.00800731,-0.04345787,-0.05379676,0.11754550,-0.03826067,-0.00905765,-0.08242994,-0.00818992,0.00597362,-3.80000000,-0.90000000,-3.30000000,1.30000000,1.80000000,0.90000000,-3.30000000,-0.00226556,-0.00007291,0.00000427,0.00190822,-0.00191282,0.00004532,0.00000985,-34.09999672,0.00002693
Archer County,0.01164981,0.03766314,-0.04858110,-0.01435226,-0.00590958,0.00379665,-0.09010547,0.01509800,0.01728377,1.50000000,3.10000000,-1.50000000,-0.30000000,-0.40000000,-1.00000000,-1.80000000,-0.00008411,-0.00005670,0.00004243,0.00002253,-0.00005332,0.00000526,0.00000901,-8.09998761,0.00015583
Atascosa County,0.00481948,-0.03795697,-0.00249068,0.00490937,-0.00795081,0.02395429,-0.05301055,0.00710020,-0.01779346,-0.70000000,-1.10000000,-0.40000000,-0.90000000,-0.80000000,0.80000000,-1.10000000,0.00018264,-0.00014480,0.00026002,-0.00026514,0.00001252,-0.00002475,0.00060624,-15.29939461,-0.00042929
Bailey County,-0.00957714,-0.02306643,0.00460716,0.00684417,0.01190234,0.00469996,-0.03675561,0.02026963,-0.00241003,0.30000000,1.90000000,-8.10000000,1.90000000,7.90000000,-1.90000000,0.10000000,0.00051779,-0.00227145,0.00006383,0.00000294,-0.00000336,0.00016714,0.00069878,-19.09997480,0.00019485
Bandera County,0.00101768,0.00010935,-0.03321152,0.00176875,0.01448675,0.00888687,-0.06608193,-0.00012460,-0.00408555,2.50000000,-1.00000000,-1.10000000,-1.00000000,-0.20000000,-2.10000000,3.50000000,-0.00002527,0.00000218,-0.00006404,0.00004269,-0.00005054,0.00003267,-0.00002004,-16.49999608,0.00000044
Webb County,0.00448346,-0.04881569,0.03209380,0.00206060,0.00046890,-0.00462820,-0.05402201,-0.00822810,-0.01017320,-0.10000000,0.80000000,0.00000000,0.80000000,0.60000000,-0.20000000,0.30000000,-0.00034403,-0.00000237,-0.00003057,0.00001894,0.00002852,-0.00002254,-0.00002594,-32.09995923,0.00005075
Wheeler County,-0.03239277,-0.02036865,0.03522780,0.03189363,-0.00715685,0.00547686,-0.12298965,0.01865108,0.01347257,-2.20000000,-1.60000000,0.70000000,1.30000000,-0.40000000,1.80000000,1.50000000,-0.00005845,-0.00000531,-0.00000759,0.00000000,0.00000000,0.00067716,0.00002771,-17.19942609,-0.00040159
Wichita County,-0.01236855,0.05715769,-0.03763970,-0.00299623,0.00379701,0.00359064,-0.05413896,0.01709862,0.00263617,0.60000000,-1.40000000,-0.20000000,1.90000000,1.10000000,0.90000000,0.90000000,0.00012734,-0.00016411,0.00035841,0.00325968,-0.00169268,-0.00148412,0.00160377,-18.49983589,0.00025248
Wilbarger County,0.02129135,-0.03742519,-0.02635257,0.02312139,-0.01674077,0.01106019,-0.09992193,0.02149817,-0.00168897,-2.00000000,-2.70000000,0.60000000,-0.50000000,-0.90000000,-2.00000000,-1.40000000,-0.00287760,-0.00066414,0.00008564,0.00147292,0.00277562,-0.00382532,0.00237941,-16.39669349,0.00371338
Willacy County,0.00558500,-0.02338611,0.02415263,0.00945263,-0.01037246,-0.01649536,-0.04151110,-0.00564216,0.00359868,-3.50000000,-1.10000000,-4.60000000,2.30000000,-2.00000000,1.00000000,-1.80000000,0.00079045,-0.00116928,-0.00047808,0.00096946,-0.00043599,0.00915931,0.00930597,-37.19902346,0.00026762
Wilson County,0.02431165,-0.03742624,-0.00878777,-0.00218276,0.00238178,0.02721268,-0.06246734,0.00328488,-0.02498264,-0.40000000,1.10000000,0.60000000,0.80000000,-0.10000000,-0.70000000,-0.20000000,-0.00000602,-0.00002149,0.00009843,-0.00010574,-0.00001161,0.00000215,0.00005975,-10.49981861,-0.00012380
Cooke County,0.00003250,0.00426533,-0.00545233,0.00058480,0.00440998,-0.00353317,-0.00939780,0.00452214,0.00020190,0.00000000,0.00000000,0.30000000,0.90000000,-0.30000000,-0.60000000,1.10000000,0.00006498,0.00021814,0.00010946,-0.00028505,-0.00002398,0.00006962,-0.00016090,-14.99934171,-0.00051015
Coryell County,-0.00951368,0.04496145,-0.01745063,-0.02406173,0.00079412,0.02358888,-0.16492748,0.01812144,-0.00046694,-1.70000000,0.90000000,-0.80000000,0.10000000,-0.80000000,1.20000000,0.30000000,-0.00005064,-0.00001546,0.00009470,-0.00003223,-0.00005261,0.00001611,-0.00003091,-14.09998520,0.00021374
Crosby County,-0.00396900,0.03434982,-0.01425741,0.00000000,-0.00348073,-0.00177697,-0.07573354,0.01365584,0.00267105,-0.60000000,3.50000000,0.20000000,-1.10000000,-2.80000000,-0.80000000,-2.90000000,-0.00003122,0.00000617,0.00000270,-0.00000347,0.00000732,-0.00000617,-0.00000039,-19.99981386,-0.00017843
Culberson County,-0.00718066,0.00140546,-0.00659440,0.00630851,-0.00054644,0.00133638,-0.02641140,0.00712151,0.00070437,0.30000000,3.50000000,-5.40000000,-1.70000000,3.90000000,0.60000000,-5.90000000,0.00015238,-0.00011519,-0.00047991,-0.00004374,0.00013752,-0.00004848,0.00009870,-23.79992846,0.00026064
Dallam County,-0.00233668,0.02219154,-0.02132008,-0.00237085,-0.00065654,0.00492407,-0.00401936,0.00190938,0.00064615,0.00000000,-0.20000000,0.30000000,5.50000000,0.20000000,-1.30000000,-0.80000000,0.00052426,-0.00069948,0.00017314,-0.00007595,0.00005979,0.00062676,0.00269265,-16.19701578,-0.00195347
Dawson County,-0.00493314,0.06291635,-0.06002819,0.02552700,-0.03356440,0.01658055,-0.06577871,0.01620884,0.01164356,-2.80000000,1.50000000,-2.50000000,3.80000000,-2.90000000,-2.40000000,-0.30000000,-0.00001348,-0.00005855,0.00000578,0.00002311,0.00007242,-0.00004815,0.00139709,-16.29999576,0.00037633
Deaf Smith County,-0.00825488,0.01990401,-0.01808467,0.00855172,-0.00129151,-0.00280450,-0.01304895,0.00738962,0.00206494,-0.30000000,-0.70000000,-0.60000000,2.70000000,0.20000000,1.70000000,-3.60000000,-0.00002783,0.00003641,-0.00001299,-0.00002435,-0.00000070,0.00004453,0.00004661,-17.19985343,-0.00014147
Denton County,-0.00027166,0.01986768,-0.02405372,0.00481468,0.00341046,-0.01952455,-0.00749404,0.00221737,0.00066692,-0.10000000,-0.10000000,0.60000000,0.20000000,0.20000000,-0.10000000,-0.10000000,0.00003464,-0.00004850,0.00001422,0.00000802,-0.00002224,0.00000401,-0.00000146,-8.69989900,-0.00008824
DeWitt County,0.00669612,-0.01721986,-0.01892852,-0.01733359,0.01497879,0.01107561,-0.07507254,-0.00572100,0.00272997,-0.20000000,-1.70000000,0.30000000,-1.50000000,0.20000000,1.40000000,1.10000000,0.00001221,0.00001679,-0.00003473,-0.00001374,-0.00000916,-0.00001107,0.00002366,-16.19998359,0.00013014
Bastrop County,-0.00581568,-0.03492085,0.01071601,-0.01289825,-0.00110897,0.00876504,-0.06288640,0.00514440,-0.00007060,0.70000000,0.10000000,-0.10000000,2.40000000,-0.60000000,-1.60000000,-0.70000000,-0.00013193,-0.00002677,0.00036009,0.00021302,0.00057078,-0.00031081,0.00003803,-13.59883050,0.00092117
Bell County,0.01606881,-0.00456663,-0.00446154,-0.00919683,0.00702499,0.00586257,-0.05434755,0.00837812,0.01006217,-0.10000000,0.70000000,-0.20000000,0.70000000,-0.40000000,0.40000000,-0.60000000,-0.00007986,-0.00023063,0.00052611,0.00001693,-0.00012202,0.00011564,-0.00035968,-14.69975052,0.00044178
Blanco County,-0.01506765,0.00690769,-0.02059985,0.01084277,0.00662081,0.00469540,-0.08788920,-0.00031173,-0.00552732,0.20000000,-3.60000000,1.20000000,0.00000000,0.80000000,-1.10000000,0.70000000,-0.00003750,0.00000146,0.00002241,0.00002192,-0.00004725,0.00007306,-0.00007404,-9.70000000,0.00000292
Borden County,-0.00548553,-0.00911175,0.04151026,-0.01797190,-0.00579350,0.02226084,-0.23510094,0.04552997,-0.00665413,-1.00000000,-4.30000000,0.00000000,0.90000000,0.10000000,0.40000000,1.20000000,0.00002109,-0.00003337,-0.00000192,0.00000920,0.00002455,-0.00002109,-0.00001151,-2.59999962,0.00000729
Brewster County,-0.00245311,-0.00593496,0.00431777,0.00061168,0.00000067,0.01598712,-0.01667091,0.00209856,-0.00180855,-1.10000000,-2.60000000,-1.20000000,-0.30000000,0.50000000,0.60000000,-2.30000000,0.00003064,-0.00003861,0.00000707,-0.00000275,-0.00000426,0.00000415,-0.00000309,-11.19999574,-0.00000174
Briscoe County,0.00856038,0.03817367,-0.03828737,0.00690188,-0.01347306,-0.00177143,-0.04497071,0.00079398,0.00554825,-4.40000000,3.00000000,-4.00000000,-0.30000000,1.80000000,-1.80000000,-4.10000000,-0.00000617,-0.00001503,0.00000308,-0.00000655,0.00001233,0.00001426,0.00008557,-14.49999576,0.00001773
Brooks County,-0.01466967,-0.03585353,-0.09422839,0.10153174,-0.00854911,-0.01059912,-0.06384657,-0.00422816,0.00144756,-1.10000000,5.60000000,-1.00000000,-0.30000000,-2.30000000,3.60000000,-4.90000000,0.00017013,-0.00023273,0.00009206,-0.00008838,-0.00009280,0.00002246,0.00005708,-34.69959530,-0.00031522
Brown County,0.00886129,0.02977172,-0.04883858,0.00217729,-0.00875453,0.03014755,-0.10783334,-0.00137842,-0.00612116,-1.50000000,0.90000000,0.00000000,1.30000000,0.80000000,-0.90000000,-0.60000000,0.00058899,0.00108828,-0.00181453,0.00037329,-0.00024438,0.00087258,-0.00081957,-17.69923345,-0.00013726
Burnet County,0.01780873,-0.00515626,-0.02453868,-0.00752377,0.00627843,0.02595040,-0.16044289,0.01074158,0.00794841,1.00000000,0.30000000,1.60000000,0.70000000,0.40000000,-0.70000000,-1.60000000,0.00000170,-0.00001225,0.00004151,0.00002008,-0.00006703,0.00000646,0.00001089,-14.39999830,0.00006397
Callahan County,0.01699282,0.15536251,-0.19128752,-0.01813832,0.00147708,0.01305123,-0.08787086,-0.00618285,0.00227404,1.90000000,-1.20000000,2.50000000,0.00000000,3.20000000,0.60000000,-1.00000000,-0.00006169,0.00000000,0.00000964,0.00012222,-0.00010256,0.00004781,-0.00007788,-17.99993368,-0.00001542
Collin County,-0.00266118,0.02542121,-0.02599964,0.00321961,0.00282314,-0.01987924,-0.00464432,0.00134235,-0.00136941,0.50000000,0.40000000,0.20000000,0.30000000,0.10000000,-0.30000000,-0.50000000,0.00005333,-0.00006000,0.00003373,-0.00002471,0.00001294,-0.00002039,0.00000039,-7.09988902,-0.00009216
Collingsworth County,-0.00974074,-0.01453590,0.02647199,-0.01781418,-0.02095375,0.04672117,-0.09838944,-0.00468062,0.00992974,3.40000000,6.00000000,-2.20000000,-4.20000000,1.60000000,0.60000000,-2.90000000,-0.00012398,-0.00002419,0.00013456,-0.00013456,0.00000491,0.00019051,-0.00004611,-19.69997808,0.00013230
Colorado County,0.00171946,-0.00697599,-0.00980144,-0.00404277,-0.00194287,0.01345271,-0.04228351,0.00374549,-0.00509415,-0.40000000,0.50000000,1.10000000,-0.20000000,0.80000000,-2.30000000,-1.10000000,0.00010885,0.00037401,0.00107672,-0.00030514,0.00017238,-0.00065916,0.00237648,-13.99971307,0.00016417
Comanche County,0.00078469,-0.03378435,0.02197667,-0.00031461,0.01550083,0.00434180,-0.13388409,0.00748384,0.00774711,1.30000000,1.30000000,3.00000000,0.00000000,-0.70000000,-2.50000000,-1.90000000,-0.00088075,0.00489841,-0.00461864,-0.00595114,-0.00026804,0.01178201,-0.00665442,-21.28105830,0.00278783
Concho County,0.01911587,-0.05878066,0.02362732,0.00417784,0.00070919,-0.00000455,0.01107492,-0.00988840,-0.00122324,1.80000000,1.70000000,-3.00000000,-2.20000000,-3.40000000,-2.00000000,-0.50000000,0.00018954,-0.00022975,0.00003602,0.00029235,-0.00033081,0.00007623,0.00008498,-10.59992621,0.00013184
Donley County,-0.00032960,0.06211756,-0.05359866,-0.02362457,-0.00694987,0.03672508,-0.10605843,-0.00186437,0.01085924,-4.30000000,2.00000000,2.40000000,1.80000000,-1.80000000,2.80000000,-2.70000000,-0.00002160,-0.00000186,0.00041302,-0.00041563,-0.00000298,0.00002681,0.00006257,-14.99981155,0.00008156
Duval County,0.02252452,-0.09939499,0.02452556,0.00680994,0.00211561,0.00403808,-0.05495556,-0.00263677,0.00328837,-6.90000000,-0.10000000,-1.40000000,-1.70000000,4.00000000,0.20000000,0.60000000,-0.00080351,0.00032357,0.00014166,0.00069495,-0.00136783,0.00024887,0.00037292,-24.49918816,0.00183906
Eastland County,-0.06481208,0.05256597,-0.05659792,-0.02024140,0.05632311,0.01249930,-0.12419206,-0.00042583,0.00485862,-0.10000000,-1.50000000,1.00000000,-1.50000000,1.70000000,-2.50000000,-0.60000000,0.00030390,0.00085912,-0.00108210,0.00024386,-0.00043217,0.00054254,-0.00027929,-17.59943397,0.00037698
Edwards County,0.00058471,0.00039423,-0.00024883,-0.00019228,-0.00078748,0.00041849,-0.00179412,-0.00008950,0.00017048,3.30000000,-3.90000000,-1.10000000,-1.30000000,-2.50000000,-5.10000000,-3.10000000,-0.00002442,0.00003475,-0.00002197,-0.00001934,0.00001869,0.00001426,-0.00001656,-7.69999934,0.00003573
El Paso County,-0.00716170,-0.02087910,0.02275460,0.00803782,-0.01398342,0.00663137,-0.01527553,-0.00359317,-0.00177211,-1.00000000,-0.60000000,-1.00000000,-0.70000000,0.10000000,-0.60000000,-0.30000000,-0.01578840,0.00753557,0.00170124,0.00613116,-0.00467472,0.00602195,-0.00699257,-22.47258711,0.00200458
Erath County,-0.02090232,-0.02490620,0.04094819,-0.01885111,0.02237512,0.00982461,-0.15670361,0.00603245,0.02646031,-2.00000000,-0.20000000,2.50000000,0.30000000,1.60000000,0.50000000,0.10000000,-0.00058510,0.00117244,-0.00157611,0.00071743,0.00062209,-0.00011798,-0.00095785,-24.49755150,-0.00033416
Falls County,-0.00356185,-0.00262334,0.01285850,-0.01189664,0.00980721,0.00784487,-0.02068047,-0.00156359,0.00832625,0.30000000,0.20000000,-2.60000000,-0.10000000,1.00000000,0.10000000,2.30000000,0.00035205,0.00046926,-0.00088193,-0.00020746,0.00050698,-0.00042974,-0.00006646,-24.29975437,-0.00003727
Fannin County,-0.00015889,-0.00104532,0.00195881,-0.00123745,0.00089764,0.00009970,-0.00411903,-0.00012255,0.00066221,-0.70000000,0.60000000,0.80000000,1.10000000,0.50000000,-0.50000000,-0.70000000,0.00012835,-0.00013569,0.00007229,-0.00004910,0.00025360,-0.00024084,-0.00003402,-16.49996212,0.00044534
Fayette County,-0.01616812,-0.01247130,0.01233372,-0.01265848,-0.00909199,0.02342202,-0.08684184,0.01136236,-0.00055429,-0.10000000,1.80000000,1.70000000,-2.90000000,-0.10000000,0.90000000,-1.60000000,-0.00003005,-0.00005901,0.00189855,-0.00158539,-0.00020637,0.00080772,-0.00057637,-10.79960067,0.00012346
Fisher County,-0.00925691,-0.06182464,0.03255219,0.03256028,0.00120037,0.05515806,-0.08287717,0.01060064,0.01709882,-1.40000000,-0.30000000,0.60000000,2.90000000,-3.00000000,3.40000000,2.30000000,-0.00008940,0.00003044,0.00005934,0.00007206,-0.00015645,0.00026050,-0.00015877,-19.79977650,-0.00007090
Franklin County,-0.00295306,-0.00383839,-0.00438892,-0.00549706,0.01199143,-0.00236245,-0.08860716,0.02278042,-0.01708414,-0.40000000,-1.40000000,0.70000000,0.30000000,-0.60000000,2.70000000,0.30000000,0.00002122,-0.00002711,0.00001415,-0.00001533,0.00000000,0.00017094,-0.00017094,-16.80000000,0.00004244
Frio County,0.03298204,-0.08085020,0.03792264,-0.00343465,-0.00612398,0.00432333,-0.03689427,0.00007870,-0.00464835,0.70000000,0.30000000,0.70000000,1.20000000,-2.20000000,0.30000000,-0.80000000,0.00023649,-0.00156262,0.00001470,0.00038078,0.00400168,-0.00171426,-0.00127712,-21.29937691,0.00040988
Gaines County,-0.00111356,-0.00106061,-0.02984958,0.03656837,-0.00751350,0.02639585,-0.09681507,0.05226567,0.00416589,1.90000000,1.00000000,-2.00000000,-0.20000000,-1.90000000,-3.30000000,-0.90000000,-0.00040209,-0.00012116,0.00017550,0.00225370,-0.00185230,0.00032764,0.00192745,-10.69854563,-0.00060372
Garza County,0.03544792,0.01803221,-0.04289524,0.00556484,-0.00076772,0.01447509,-0.20008716,0.02282545,-0.01106143,-3.60000000,0.80000000,-1.70000000,-5.30000000,-3.40000000,-1.70000000,3.00000000,0.00018224,-0.00018146,-0.00000233,0.00000504,0.00002675,-0.00003024,0.00000000,-13.39998914,-0.00000698
Gillespie County,-0.01105501,-0.00470466,-0.01327937,-0.00719446,-0.00584859,0.01722141,-0.05203671,-0.00122052,-0.00050241,1.10000000,1.10000000,0.20000000,2.70000000,1.20000000,-2.00000000,-0.40000000,-0.00044153,-0.00004550,0.00008444,-0.00023828,0.00027919,0.00041633,-0.00050798,-10.79996989,0.00006055
Gonzales County,-0.02319029,-0.00025692,-0.00240679,-0.00242206,-0.01627589,0.02898738,-0.08217519,-0.00242238,0.00113161,0.40000000,2.00000000,1.20000000,-1.60000000,-0.10000000,-1.50000000,-3.10000000,0.00029687,-0.00058562,0.00052326,-0.00060771,0.00005976,-0.00004677,0.00007860,-17.19991393,0.00023516
Gray County,-0.00943351,0.02556309,-0.03632961,0.00772434,0.01744801,-0.00269668,-0.08548040,0.01176524,0.01139619,-2.90000000,-0.40000000,0.30000000,-0.30000000,-0.90000000,-0.40000000,2.40000000,-0.00003403,0.00000112,-0.00000411,-0.00000075,0.00000000,0.00001496,-0.00000598,-15.69999663,0.00000449
Grayson County,-0.00143550,0.00102383,-0.00034566,0.00188052,0.00529448,0.00122860,-0.00813141,-0.00256615,0.00003550,0.20000000,0.90000000,1.00000000,0.30000000,0.10000000,0.40000000,-0.60000000,0.00001810,-0.00002804,0.00005607,-0.00008375,-0.00000887,-0.00000390,0.00000106,-15.59992335,-0.00007311
Robertson County,-0.00090311,-0.03350622,0.01113568,-0.01481237,0.00717629,0.00297557,-0.07566648,0.00853477,0.02901075,-0.10000000,0.90000000,-1.50000000,0.10000000,-1.70000000,-1.60000000,-2.30000000,0.00006867,-0.00004819,-0.00005180,-0.00002972,0.00019797,0.00014737,0.00038389,-15.09889009,-0.00102960
Washington County,-0.00337404,-0.01040994,-0.01466926,0.01117842,-0.00391449,0.01265054,-0.05925941,-0.01729214,0.01802150,-1.00000000,-1.70000000,0.70000000,-0.10000000,-0.50000000,-0.90000000,0.90000000,-0.00004695,0.00000112,-0.00002627,0.00002683,-0.00002124,0.00003409,-0.00000224,-14.39995697,0.00004303
Ellis County,0.00192413,0.00487604,-0.00787431,0.00469275,-0.00051882,-0.00734819,-0.00600313,0.00101902,0.00101756,0.00000000,0.10000000,-0.60000000,1.10000000,0.10000000,0.10000000,-1.10000000,0.00034758,-0.00038483,0.00015371,-0.00003396,-0.00009931,0.00003249,-0.00004491,-10.99994414,-0.00003688
Cameron County,0.02031092,-0.04999368,0.03476342,-0.00093348,-0.02278741,0.01248182,-0.02983603,-0.00285952,-0.00396995,-1.00000000,0.20000000,0.00000000,-0.10000000,0.00000000,-1.00000000,-0.80000000,-0.00088285,-0.00025454,-0.00102441,0.00614263,-0.00233057,0.00316333,-0.00012468,-32.99558985,0.00132413
Reeves County,-0.00067155,-0.02966561,-0.00837556,0.01982898,-0.01108214,0.00225980,0.00962909,-0.00775596,-0.00245288,0.80000000,-0.30000000,-4.40000000,-2.10000000,-3.30000000,-1.80000000,-2.10000000,-0.00019833,-0.00023503,0.00000342,0.00013310,0.00002433,0.00000421,-0.00017229,-14.69983481,-0.00010219
Guadalupe County,-0.02880166,-0.02801365,-0.02330501,-0.01627461,0.03030769,0.00846642,-0.06040877,-0.02373620,0.01595037,-0.40000000,0.00000000,0.00000000,0.00000000,0.00000000,0.10000000,0.70000000,0.00059162,-0.00088621,0.00085899,-0.00088087,0.00002625,0.00001118,0.00016431,-10.49996937,0.00032522
